sedft,sedfv,Sepkoskit,Sepkoskiv,Rhodet,Rhodev
-0.0,4.373775805897515,-0.0,4924.0,-0.0,5283.0
-1.0,4.109292763320454,-1.0055452865064696,4976.339844423851,-1.0,5283.0
-2.0,3.934730366662818,-2.011090573012939,5025.092174629055,-2.0,5274.0
-3.0,3.835150141835845,-3.0166358595194085,5073.395005998035,-3.0,5273.999999999999
-4.0,3.7956136147507697,-4.022181146025878,5124.38635391322,-4.0,5180.0
-5.0,3.8011823113188266,-5.027726432532348,5181.204233757042,-5.0,5180.000000000001
-6.0,3.836917757451252,-6.033271719038817,5246.636811071987,-6.0,5060.0
-7.0,3.8878814790592813,-7.038817005545287,5320.206684465903,-7.0,5060.0
-8.0,3.9391350020541482,-8.044362292051757,5399.65671731388,-8.0,5065.000000000001
-9.0,3.9757398523470906,-9.049907578558226,5482.71186267211,-9.0,5065.0
-10.0,3.982757555849345,-10.055452865064696,5567.097073596785,-10.0,5065.000000000001
-11.0,3.945249638472142,-11.060998151571166,5650.537303144096,-11.0,5065.0
-12.0,3.857538218646652,-12.066543438077634,5730.757504370235,-12.0,5164.000000000001
-13.0,3.750987784883766,-13.072088724584104,5805.4826303313985,-13.0,5164.0
-14.0,3.666223418214304,-14.077634011090574,5872.4376340837725,-14.0,5164.0
-15.0,3.6438701996690885,-15.083179297597043,5929.347468683552,-15.0,5164.0
-16.0,3.7112296059914955,-16.088724584103513,5973.937087186926,-16.0,4736.0
-17.0,3.842308696775102,-17.09426987060998,6003.9314426500905,-17.0,4736.0
-18.0,3.9977909273260406,-18.099815157116453,6017.0554881292355,-18.0,4736.000000000001
-19.0,4.138359752950442,-19.10536044362292,6011.034176680555,-19.0,4736.000000000001
-20.0,4.224698628954436,-20.110905730129392,5983.592461360237,-20.0,4736.000000000001
-21.0,4.22938499187296,-21.11645101663586,5932.455295224476,-21.0,4332.0
-22.0,4.172572203156166,-22.121996303142332,5855.347631329464,-22.0,4332.0
-23.0,4.086307605483012,-23.1275415896488,5749.997305948434,-23.0,4332.0
-24.0,4.00263854153245,-24.133086876155268,5616.142298168646,-24.0,4041.0
-25.0,3.9536123539834422,-25.13863216266174,5459.044647623041,-25.0,4041.0
-26.0,3.9712763855149413,-26.144177449168208,5284.907006762135,-26.0,4041.0
-27.0,4.075019164314721,-27.14972273567468,5099.9320280364445,-27.0,4041.0
-28.0,4.23359396060581,-28.155268022181147,4910.322363896486,-28.0,4041.0
-29.0,4.403095230120053,-29.16081330868762,4722.280666792782,-29.0,3875.0
-30.0,4.539617428589294,-30.166358595194087,4542.009589175847,-30.0,3875.0
-31.0,4.599255011745379,-31.17190388170056,4375.711783496197,-31.0,3875.0
-32.0,4.553303939676042,-32.177449168207026,4229.589902204353,-32.0,3875.000000000001
-33.0,4.433866189892578,-33.182994454713494,4109.846597750831,-33.0,3875.0000000000005
-34.0,4.288245244262168,-34.18853974121996,4022.644975471212,-34.0,4043.0
-35.0,4.163744584651994,-35.19408502772644,3970.7386455783144,-35.0,4043.0
-36.0,4.107667692929238,-36.199630314232905,3950.894306024963,-36.0,4043.0000000000005
-37.0,4.1492582880295,-37.20517560073937,3959.271827009741,-37.0,4043.0000000000005
-38.0,4.245521037162042,-38.21072088724584,3992.031078731232,-38.0,3705.0000000000005
-39.0,4.335400844604544,-39.21626617375232,4045.3319313880193,-39.0,3705.0000000000005
-40.0,4.357842614634677,-40.221811460258785,4115.334255178685,-40.0,3705.0
-41.0,4.270091084255472,-41.22735674676525,4198.197920301815,-41.0,3628.0
-42.0,4.102590321371351,-42.23290203327172,4290.082796955991,-42.0,3628.0000000000005
-43.0,3.9040842266120865,-43.23844731977819,4387.148755339797,-43.0,3628.0
-44.0,3.723316700607449,-44.243992606284664,4485.555665651818,-44.0,3628.0
-45.0,3.6090316439872128,-45.24953789279113,4581.463398090634,-45.0,3628.0000000000005
-46.0,3.596010605539242,-46.2550831792976,4671.031822854829,-46.0,3628.0
-47.0,3.6631857266837704,-47.26062846580407,4750.420810142988,-47.0,3628.0
-48.0,3.775526796999122,-48.266173752310536,4815.790230153695,-48.0,3628.0000000000005
-49.0,3.898003606063623,-49.27171903881701,4863.299953085531,-49.0,3066.0
-50.0,3.9955859434556,-50.27726432532348,4889.10984913708,-50.0,3066.0000000000005
-51.0,4.033243598753378,-51.28280961182995,4889.379788506927,-51.0,3066.0000000000005
-52.0,3.9759463615352817,-52.288354898336415,4860.269641393654,-52.0,3066.0000000000005
-53.0,3.8040323258727873,-53.29390018484289,4797.939277995844,-53.0,3066.0
-54.0,3.559312803809969,-54.29944547134936,4698.548568512081,-54.0,3066.0
-55.0,3.2989674118840493,-55.304990757855826,4558.25738314095,-55.0,3066.0
-56.0,3.0801757666322533,-56.310536044362294,4373.568378854911,-56.0,2298.0
-57.0,2.9458804035685517,-57.31608133086876,4148.589674946179,-57.0,2298.0000000000005
-58.0,2.8820755341139117,-58.32162661737524,3894.8832036334957,-58.0,2187.0000000000005
-59.0,2.8605182886660456,-59.327171903881705,3624.3233501738428,-59.0,2187.0
-60.0,2.8529657976226677,-60.33271719038817,3348.784499824192,-60.0,2187.0
-61.0,2.831175191381494,-61.33826247689464,3080.1410378415203,-61.0,1982.0000000000002
-62.0,2.7756617195290763,-62.34380776340112,2830.2673494828005,-62.0,1982.0000000000005
-63.0,2.7019731084073184,-63.349353049907585,2611.037820005012,-63.0,1884.0000000000002
-64.0,2.634415203546961,-64.35489833641405,2434.326834665128,-64.0,1884.0000000000002
-65.0,2.5972938504787493,-65.36044362292053,2312.0087787201237,-65.0,1884.0
-66.0,2.614914894733425,-66.36598890942699,2253.2575651335346,-66.0,2649.0000000000005
-67.0,2.699896938730646,-67.37153419593346,2250.7908674633372,-67.0,2649.0000000000005
-68.0,2.8181096124457374,-68.37707948243992,2291.127969772659,-68.0,2649.0000000000005
-69.0,2.923735302742942,-69.3826247689464,2360.776854215921,-69.0,2961.0
-70.0,2.9812476099336767,-70.38817005545287,2446.2455029475404,-70.0,2961.0000000000005
-71.0,2.996284988118058,-71.39371534195934,2534.867032717156,-71.0,2885.0000000000005
-72.0,2.984777104843382,-72.39926062846581,2620.285998418739,-72.0,2885.0000000000005
-73.0,2.9626536276569424,-73.40480591497227,2699.0613853032933,-73.0,2885.0
-74.0,2.9458442241060325,-74.41035120147875,2767.7678639109586,-74.0,2885.0
-75.0,2.950278561737948,-75.41589648798522,2822.980104781874,-75.0,2885.0
-76.0,2.9869293222250364,-76.42144177449168,2861.272778456176,-76.0,2885.0000000000005
-77.0,3.046941243739871,-77.42698706099816,2879.220555474006,-77.0,2885.0
-78.0,3.1165020785800768,-78.43253234750463,2873.3981063755,-78.0,2738.0
-79.0,3.1817995790432803,-79.4380776340111,2840.3801017008,-79.0,2738.0
-80.0,3.2290214974271074,-80.44362292051757,2776.7412119900405,-80.0,2738.0000000000005
-81.0,3.244355586029187,-81.44916820702403,2679.0561077833654,-81.0,2738.0000000000005
-82.0,3.218508006676199,-82.4547134935305,2543.8994596209077,-82.0,2738.0
-83.0,3.160258559311058,-83.46025878003698,2367.8459380428094,-83.0,2738.0000000000005
-84.0,3.0829054534057336,-84.46580406654344,2156.37129656898,-84.0,2462.0
-85.0,2.9997468984321936,-85.47134935304992,1955.041843758094,-85.0,2355.0
-86.0,2.9240811038624077,-86.47689463955638,1816.5208310470578,-86.0,2243.0000000000005
-87.0,2.8692062791683455,-87.48243992606285,1745.9499055413332,-87.0,2243.0
-88.0,2.8444837251742126,-88.48798521256933,1718.3389904316964,-88.0,2164.0
-89.0,2.843527108113155,-89.49353049907579,1708.254703012247,-89.0,2164.0
-90.0,2.8560131855705566,-90.49907578558226,1698.6122337157706,-90.0,2137.0
-91.0,2.8716187151318007,-91.50462107208872,1691.3519182856976,-91.0,2137.0
-92.0,2.8800204543822714,-92.5101663585952,1691.0512140326596,-92.0,2073.0000000000005
-93.0,2.8752803819807653,-93.51571164510167,1702.2875721943665,-93.0,2073.0
-94.0,2.869001360879728,-94.52125693160814,1727.9706922047562,-94.0,2140.0
-95.0,2.877171475105018,-95.52680221811461,1764.6446674372264,-95.0,2140.0
-96.0,2.9157788086824965,-96.53234750462107,1807.335075436893,-96.0,2037.0
-97.0,3.0008114456380213,-97.53789279112755,1851.067493748874,-97.0,2037.0000000000002
-98.0,3.14058024351011,-98.54343807763402,1890.8674999182879,-98.0,1993.0
-99.0,3.3126871538879143,-99.54898336414048,1921.7606714902515,-99.0,1993.0000000000002
-100.0,3.4870569018732436,-100.55452865064696,1939.7056404509751,-100.0,1858.0000000000002
-101.0,3.633614212567906,-101.56007393715343,1945.0078179084392,-101.0,1858.0
-102.0,3.7222838110737118,-102.5656192236599,1939.2374367439797,-102.0,1858.0000000000002
-103.0,3.72299042249247,-103.57116451016637,1923.9648722932216,-103.0,1858.0000000000002
-104.0,3.6182267802519066,-104.57670979667283,1900.7604998917898,-104.0,1723.0
-105.0,3.440757651083413,-105.5822550831793,1871.1946948753084,-105.0,1723.0
-106.0,3.2359158100442973,-106.58780036968578,1836.8378325794042,-106.0,1723.0
-107.0,3.04903403219187,-107.59334565619224,1799.2602883397008,-107.0,1723.0
-108.0,2.9146426924980844,-108.59889094269872,1760.0324374918243,-108.0,1686.0000000000005
-109.0,2.824062565593486,-109.60443622920518,1720.7246553713992,-109.0,1686.0000000000002
-110.0,2.7578120260232653,-110.60998151571165,1682.90731731405,-110.0,1686.0
-111.0,2.6964094483326115,-111.61552680221813,1648.150798655402,-111.0,1686.0000000000002
-112.0,2.6257499358476597,-112.62107208872459,1617.931332223432,-112.0,1673.0000000000002
-113.0,2.5532355070182997,-113.62661737523106,1592.4104391889684,-113.0,1673.0
-114.0,2.4916449090753723,-114.63216266173752,1570.7835643580358,-114.0,1673.0
-115.0,2.4537568892497097,-115.637707948244,1552.2238189777227,-115.0,1673.0
-116.0,2.4523501947721478,-116.64325323475047,1535.9043142951155,-116.0,1673.0
-117.0,2.4946447319966136,-117.64879852125694,1520.9981615573035,-117.0,1673.0
-118.0,2.5656250437693955,-118.65434380776341,1506.6784720113733,-118.0,1673.0000000000005
-119.0,2.6447168320598715,-119.65988909426989,1492.118356904414,-119.0,1632.0
-120.0,2.711345798837421,-120.66543438077635,1476.4909274835131,-120.0,1632.0000000000002
-121.0,2.7449376460714214,-121.67097966728282,1458.969294995757,-121.0,1632.0
-122.0,2.724918075731252,-122.67652495378928,1438.7265706882356,-122.0,1632.0
-123.0,2.6389218398039254,-123.68207024029576,1414.9358658080357,-123.0,1632.0
-124.0,2.5074198903469833,-124.68761552680223,1386.7702916022452,-124.0,1632.0
-125.0,2.3590922294356043,-125.6931608133087,1353.568038373744,-125.0,1536.0
-126.0,2.2226188591449643,-126.69870609981517,1316.436635744972,-126.0,1536.0000000000002
-127.0,2.1266797815502416,-127.70425138632163,1277.5578368565123,-127.0,1536.0
-128.0,2.0909001329996686,-128.7097966728281,1239.12850463402,-128.0,1497.0
-129.0,2.098685586933707,-129.71534195933458,1203.3455020031502,-129.0,1497.0
-130.0,2.1243869510658766,-130.72088724584106,1172.2660432318967,-130.0,1436.0000000000002
-131.0,2.1423550331096957,-131.7264325323475,1146.5877827713716,-131.0,1436.0
-132.0,2.1342987310269472,-132.73197781885398,1126.2421794288618,-132.0,1436.0000000000002
-133.0,2.111359303772477,-133.73752310536045,1111.1520938598806,-133.0,1436.0
-134.0,2.092036100549395,-134.74306839186693,1101.2403867199432,-134.0,1432.0000000000002
-135.0,2.094828470560811,-135.7486136783734,1096.4299186645628,-135.0,1432.0
-136.0,2.1382357630098343,-136.75415896487985,1096.601109541859,-136.0,1432.0000000000005
-137.0,2.2336499822737585,-137.75970425138632,1099.4024229261722,-137.0,1411.0000000000002
-138.0,2.364033753426606,-138.7652495378928,1099.1924382105253,-138.0,1411.0000000000002
-139.0,2.5052423567165825,-139.77079482439927,1090.0656734482345,-139.0,1356.0
-140.0,2.6331310723918917,-140.77634011090575,1066.6248174184846,-140.0,1356.0000000000005
-141.0,2.7235551807007403,-141.7818853974122,1031.947345954603,-141.0,1287.0000000000002
-142.0,2.7523699618913335,-142.78743068391867,996.1109710957604,-142.0,1287.0
-143.0,2.708975629282534,-143.79297597042515,969.4032833835936,-143.0,1251.0
-144.0,2.636952128475841,-144.79852125693162,962.111873359737,-144.0,1251.0
-145.0,2.593424338143411,-145.8040665434381,984.4109218942439,-145.0,1251.0
-146.0,2.6190534712755973,-146.80961182994454,1037.867335768495,-146.0,1500.0000000000002
-147.0,2.688646078135549,-147.81515711645102,1109.5518206441266,-147.0,1500.0
-148.0,2.7605450433046084,-148.8207024029575,1185.1426061571424,-148.0,1500.0
-149.0,2.793093251364121,-149.82624768946397,1250.317921943548,-149.0,1552.0000000000002
-150.0,2.756130128493786,-150.83179297597044,1290.7561391518464,-150.0,1552.0000000000002
-151.0,2.665481267266729,-151.83733826247692,1297.0505033978636,-151.0,1483.0000000000002
-152.0,2.5484688018544253,-152.84288354898337,1277.6766164291284,-152.0,1483.0
-153.0,2.432414866428354,-153.84842883548984,1245.1758869701873,-153.0,1483.0000000000002
-154.0,2.344641595159993,-154.85397412199632,1212.0897237455886,-154.0,1501.0
-155.0,2.3124711222208214,-155.8595194085028,1190.9462307584931,-155.0,1501.0000000000002
-156.0,2.3528709652782056,-156.86506469500927,1189.143323804628,-156.0,1505.0000000000005
-157.0,2.4413901759830763,-157.8706099815157,1201.212211630436,-157.0,1505.0000000000002
-158.0,2.543223189482254,-158.8761552680222,1219.6993058006992,-158.0,1381.0
-159.0,2.6235644409225567,-159.88170055452866,1237.1510178801975,-159.0,1381.0
-160.0,2.6476083654508056,-160.88724584103514,1246.1137594337122,-160.0,1387.0
-161.0,2.591262357362725,-161.8927911275416,1239.8687064506064,-161.0,1387.0000000000002
-162.0,2.473285647549659,-162.89833641404806,1219.5825891044346,-162.0,1298.0000000000002
-163.0,2.323150426051855,-163.90388170055454,1191.2144490379624,-163.0,1302.0000000000005
-164.0,2.1703288829095637,-164.909426987061,1160.7872393294708,-164.0,1303.0000000000002
-165.0,2.044293208163033,-165.91497227356749,1133.6183465465897,-165.0,1299.0000000000002
-166.0,1.9668295537617875,-166.92051756007396,1113.4869663429822,-166.0,1241.0000000000002
-167.0,1.9289799192924488,-167.9260628465804,1103.9389178180272,-167.0,1216.0
-168.0,1.9141002662509181,-168.93160813308688,1103.675276942582,-168.0,1239.0000000000002
-169.0,1.9075513869869827,-169.93715341959336,1101.3105894510995,-169.0,1239.0
-170.0,1.9027133972659949,-170.94269870609983,1084.200040957215,-170.0,1136.0000000000002
-171.0,1.894971243707197,-171.9482439926063,1039.9039781977733,-171.0,1136.0
-172.0,1.879709872929831,-172.95378927911275,967.2151651125823,-172.0,988.0
-173.0,1.853633317644518,-173.95933456561923,881.7439221999717,-173.0,988.0000000000001
-174.0,1.818721954927402,-174.9648798521257,800.480120542911,-174.0,988.0
-175.0,1.7782752479460027,-175.97042513863218,740.2236342145897,-175.0,988.0000000000002
-176.0,1.735592659867843,-176.97597042513866,708.7962594596675,-176.0,923.0000000000001
-177.0,1.693973653860445,-177.9815157116451,701.342028346546,-177.0,923.0
-178.0,1.6567176930913285,-178.98706099815158,712.0473091246581,-178.0,923.0
-179.0,1.626433984316498,-179.99260628465805,735.0984700434377,-179.0,923.0
-180.0,1.602970708645882,-180.99815157116453,764.6818793523188,-180.0,963.0
-181.0,1.585485790777889,-182.003696857671,794.9839053007341,-181.0,963.0000000000001
-182.0,1.5731371554109304,-183.00924214417745,820.1909171544991,-182.0,963.0000000000001
-183.0,1.565082727243413,-184.01478743068392,835.8347187809566,-183.0,958.0
-184.0,1.560480430973749,-185.0203327171904,842.6825009126375,-184.0,958.0000000000001
-185.0,1.5584881913003448,-186.02587800369687,842.7747027641097,-185.0,958.0
-186.0,1.5582639329216135,-187.03142329020335,838.151763549942,-186.0,958.0000000000001
-187.0,1.5589655805359623,-188.0369685767098,830.8541224847029,-187.0,897.0
-188.0,1.5592478372168077,-189.04251386321627,822.9222187829602,-188.0,897.0
-189.0,1.5557525195375903,-190.04805914972275,816.325523485878,-189.0,897.0000000000001
-190.0,1.5446182224467575,-191.05360443622922,810.8941410748996,-190.0,819.0
-191.0,1.5219835408927558,-192.0591497227357,803.9922316387677,-191.0,819.0
-192.0,1.4867663138854206,-193.06469500924214,792.8472580115816,-192.0,819.0000000000001
-193.0,1.4490013566801454,-194.07024029574862,774.6866830274392,-193.0,819.0000000000001
-194.0,1.42150272859371,-195.0757855822551,746.7379695204398,-194.0,724.0000000000001
-195.0,1.4170844889428953,-196.08133086876157,706.2285803246821,-195.0,724.0
-196.0,1.4485606970444829,-197.08687615526804,650.86372238662,-196.0,724.0000000000001
-197.0,1.5224483806102551,-198.09242144177452,585.9816167402059,-197.0,621.0000000000001
-198.0,1.6200764409319997,-199.09796672828097,523.0545135760098,-198.0,621.0
-199.0,1.7164767476965062,-200.10351201478744,473.447483677743,-199.0,556.0
-200.0,1.7866811705905632,-201.10905730129392,442.09340287277877,-200.0,717.0
-201.0,1.8057215793009607,-202.1146025878004,427.5052781784031,-201.0,717.0000000000001
-202.0,1.7573826989760963,-203.12014787430687,427.91795464589416,-202.0,717.0000000000001
-203.0,1.660460676610802,-204.1256931608133,441.56627732652976,-203.0,717.0
-204.0,1.5425045146615193,-205.1312384473198,466.68509127158865,-204.0,824.0
-205.0,1.4310632155846879,-206.13678373382626,501.50924153234894,-205.0,824.0000000000001
-206.0,1.3481077827758483,-207.14232902033274,544.2735731600886,-206.0,824.0
-207.0,1.2932972233869409,-208.1478743068392,593.2129312060863,-207.0,824.0
-208.0,1.2607125455090058,-209.15341959334566,646.562160721618,-208.0,895.0000000000001
-209.0,1.2444347572330834,-210.15896487985214,702.5561067579652,-209.0,895.0000000000002
-210.0,1.238544866650213,-211.1645101663586,759.4296143664046,-210.0,895.0000000000001
-211.0,1.237123881851435,-212.17005545286509,815.4175285982147,-211.0,895.0
-212.0,1.234252810927789,-213.17560073937156,868.7546945046732,-212.0,895.0
-213.0,1.2240126619703156,-214.181146025878,917.6759571370571,-213.0,893.0
-214.0,1.203526621071496,-215.18669131238448,960.4161615466473,-214.0,893.0
-215.0,1.1820865863295797,-216.19223659889096,995.2101527847209,-215.0,893.0
-216.0,1.1720266338442573,-217.19778188539743,1020.4510892970593,-216.0,893.0000000000001
-217.0,1.185680839715221,-218.2033271719039,1036.2016578755517,-217.0,948.0000000000002
-218.0,1.2353832800421614,-219.20887245841035,1043.525713534648,-218.0,948.0000000000001
-219.0,1.3270013985843194,-220.21441774491683,1043.5006947205993,-219.0,948.0
-220.0,1.4405361097391376,-221.2199630314233,1037.2040398796566,-220.0,948.0000000000001
-221.0,1.5495216955636082,-222.22550831792978,1025.7131874580712,-221.0,948.0000000000001
-222.0,1.6274924381147247,-223.23105360443626,1010.1055759020937,-222.0,948.0000000000001
-223.0,1.6549124375561637,-224.2365988909427,991.4586436579765,-223.0,910.0
-224.0,1.639965066478347,-225.24214417744918,970.8498291719695,-224.0,910.0
-225.0,1.597763515578384,-226.24768946395565,949.3565708903238,-225.0,910.0
-226.0,1.5434209755533792,-227.25323475046213,928.0563072592913,-226.0,910.0000000000001
-227.0,1.4920506371004434,-228.2587800369686,908.0219784008196,-227.0,910.0000000000001
-228.0,1.4558756950781486,-229.26432532347505,889.8199096719942,-228.0,844.0000000000001
-229.0,1.4355593609909367,-230.26987060998152,873.0521484258874,-229.0,844.0
-230.0,1.4288748505047164,-231.275415896488,857.2126457350428,-230.0,844.0
-231.0,1.4335953792853948,-232.28096118299447,841.7953526720041,-231.0,844.0
-232.0,1.4474941629988805,-233.28650646950095,826.2942203093145,-232.0,844.0000000000001
-233.0,1.4668464625521507,-234.2920517560074,810.2031997195177,-233.0,704.0000000000001
-234.0,1.4819357198164576,-235.29759704251387,793.0162419751562,-234.0,704.0000000000001
-235.0,1.4839581045619126,-236.30314232902035,774.2272981487739,-235.0,704.0000000000002
-236.0,1.4737525171897938,-237.30868761552682,753.3372749331713,-236.0,704.0000000000001
-237.0,1.4545685407591713,-238.3142329020333,730.3560352131409,-237.0,630.0
-238.0,1.4296557583291105,-239.31977818853977,706.1400695658673,-238.0,630.0
-239.0,1.4022637529586826,-240.32532347504622,681.625890771079,-239.0,630.0
-240.0,1.375642107706955,-241.3308687615527,657.7500116085029,-240.0,581.0
-241.0,1.3525532326823821,-242.33641404805917,635.4489448578679,-241.0,581.0000000000001
-242.0,1.3338108461909592,-243.34195933456564,615.6592032989016,-242.0,581.0
-243.0,1.319741493588066,-244.34750462107212,599.317299711332,-243.0,485.0
-244.0,1.3106717202290836,-245.35304990757857,587.2737802000173,-244.0,485.00000000000006
-245.0,1.3069280714693918,-246.35859519408504,575.8242312283813,-245.0,482.0000000000001
-246.0,1.3086280174378933,-247.36414048059152,554.5305556155035,-246.0,482.0
-247.0,1.315052727357581,-248.369685767098,512.4119632760882,-247.0,482.0
-248.0,1.3252742952249674,-249.37523105360447,438.48766412484116,-248.0,392.00000000000006
-249.0,1.3383648150365681,-250.3807763401109,326.3932052464117,-249.0,392.00000000000006
-250.0,1.3533963807888962,-251.3863216266174,220.65361996130915,-250.0,300.0
-251.0,1.3694410864784667,-252.39186691312386,163.69150510519438,-251.0,627.0000000000001
-252.0,1.3855710261017924,-253.39741219963034,151.647634380444,-252.0,627.0
-253.0,1.4007741986969193,-254.4029574861368,177.33652365870495,-253.0,627.0
-254.0,1.4137022234680177,-255.40850277264326,233.57268881162216,-254.0,795.0000000000002
-255.0,1.4229226246607865,-256.41404805914976,313.17064571084853,-255.0,795.0
-256.0,1.427002926520928,-257.4195933456562,408.94491022802197,-256.0,795.0
-257.0,1.4251697824274274,-258.42513863216266,513.7099982347943,-257.0,795.0
-258.0,1.419286362292413,-259.43068391866916,620.2804256028189,-258.0,795.0
-259.0,1.411874965161298,-260.4362292051756,721.4707720454287,-259.0,795.0
-260.0,1.405457890079496,-261.4417744916821,811.6132829056102,-260.0,795.0000000000001
-261.0,1.4025574360924205,-262.44731977818856,890.4897667574535,-261.0,1263.0000000000002
-262.0,1.4056959022454838,-263.452865064695,959.1047444272243,-262.0,1263.0
-263.0,1.417395587584101,-264.4584103512015,1018.4627367411866,-263.0,1263.0
-264.0,1.4402934936229057,-265.46395563770795,1069.568264525595,-264.0,1263.0
-265.0,1.4774854317534194,-266.46950092421446,1113.4258486067154,-265.0,1263.0
-266.0,1.531189388742014,-267.4750462107209,1151.0400098108043,-266.0,1244.0000000000005
-267.0,1.5996532429775845,-268.48059149722735,1183.4152689641253,-267.0,1244.0000000000005
-268.0,1.6801323457546546,-269.48613678373385,1211.5561468929404,-268.0,1244.0000000000002
-269.0,1.769882048367749,-270.4916820702403,1236.467164423508,-269.0,1244.0000000000002
-270.0,1.8660706626302659,-271.4972273567468,1259.0155695787594,-270.0,1244.0
-271.0,1.9655183424311062,-272.50277264325325,1279.3084060850201,-271.0,1316.0000000000005
-272.0,2.0649582021780466,-273.5083179297597,1297.1910367289684,-272.0,1316.0000000000002
-273.0,2.1611233562788588,-274.5138632162662,1312.508582763417,-273.0,1316.0
-274.0,2.2507469191413216,-275.51940850277265,1325.1061654411749,-274.0,1316.0
-275.0,2.3305620051732086,-276.52495378927915,1334.8289060150546,-275.0,1316.0
-276.0,2.397741288802471,-277.5304990757856,1341.521925737866,-276.0,1289.0
-277.0,2.451215684537766,-278.53604436229205,1345.0303458624207,-277.0,1289.0
-278.0,2.490355666907923,-279.54158964879855,1345.1992876415295,-278.0,1289.0000000000002
-279.0,2.5145317104417764,-280.547134935305,1341.873872328003,-279.0,1289.0000000000002
-280.0,2.5231142896681558,-281.5526802218115,1334.899221174653,-280.0,1210.0
-281.0,2.516310828115657,-282.55822550831795,1324.1204554342896,-281.0,1210.0
-282.0,2.497676545311913,-283.5637707948244,1309.3826963597248,-282.0,1210.0000000000002
-283.0,2.471603609784324,-284.5693160813309,1290.5317996234935,-283.0,1210.0
-284.0,2.4424841900602843,-285.57486136783734,1267.656046504413,-284.0,1210.0000000000002
-285.0,2.4147104546671923,-286.58040665434385,1241.4350910528824,-285.0,1225.0000000000002
-286.0,2.392674572132444,-287.5859519408503,1212.6370633643294,-286.0,1225.0000000000002
-287.0,2.380768710983438,-288.59149722735674,1182.0300935341788,-287.0,1225.0000000000002
-288.0,2.3819158593480494,-289.59704251386324,1150.3823116578549,-288.0,1225.0
-289.0,2.393162283756077,-290.6025878003697,1118.4618478307866,-289.0,1225.0
-290.0,2.4100850703378,-291.6081330868762,1087.0368321483968,-290.0,1160.0000000000002
-291.0,2.428261305223495,-292.61367837338264,1056.8753947061143,-291.0,1160.0000000000002
-292.0,2.443268074543441,-293.6192236598891,1028.745665599363,-292.0,1160.0000000000002
-293.0,2.4506824644279166,-294.6247689463956,1003.4157735449015,-293.0,1160.0
-294.0,2.4479789622957284,-295.63031423290204,981.5546221524062,-294.0,1160.0
-295.0,2.4402216607198053,-296.63585951940854,963.4624678326909,-295.0,1090.0000000000002
-296.0,2.434372053561603,-297.641404805915,949.353972359203,-296.0,1090.0000000000002
-297.0,2.4373916346825797,-298.64695009242143,939.4437975053885,-297.0,1041.0000000000002
-298.0,2.4535270680740586,-299.65249537892794,933.9336849517065,-298.0,1041.0
-299.0,2.4761656982468248,-300.6580406654344,932.8650650531507,-299.0,1105.0
-300.0,2.495980039841532,-301.6635859519409,936.1709265366011,-300.0,1105.0
-301.0,2.503642607498832,-302.66913123844733,943.7822114881529,-301.0,1105.0000000000002
-302.0,2.492717626889045,-303.67467652495384,955.6298619939008,-302.0,1105.0000000000002
-303.0,2.468336167801156,-304.6802218114603,971.6448201399378,-303.0,1105.0
-304.0,2.438521011053815,-305.68576709796673,991.7580280123586,-304.0,1125.0000000000002
-305.0,2.4112949374656734,-306.69131238447324,1015.8962555230877,-305.0,1125.0
-306.0,2.393018531377563,-307.6968576709797,1042.9814087616214,-306.0,1125.0
-307.0,2.383403591219033,-308.7024029574862,1069.6312027849401,-307.0,1246.9999999999998
-308.0,2.3804997189418127,-309.70794824399263,1092.1417059359117,-308.0,1247.0000000000002
-309.0,2.3823565164976306,-310.7134935304991,1106.8089865574098,-309.0,1247.0
-310.0,2.387023585838217,-311.7190388170056,1109.9291220895186,-310.0,1109.0
-311.0,2.3925505289153004,-312.72458410351203,1099.2160070198931,-311.0,1109.0
-312.0,2.3970679827105017,-313.73012939001853,1077.74177394544,-312.0,1061.0
-313.0,2.3990307243250073,-314.735674676525,1049.8441317030642,-313.0,1061.0000000000002
-314.0,2.3969745658898947,-315.7412199630314,1019.8607891296674,-314.0,1061.0
-315.0,2.389435319536242,-316.74676524953793,992.1294550621512,-315.0,1019.0000000000001
-316.0,2.3761141604113423,-317.7523105360444,970.9878383374221,-316.0,1019.0000000000002
-317.0,2.361373715727348,-318.7578558225509,960.5028429349147,-317.0,1019.0
-318.0,2.3507419757126296,-319.7634011090573,961.4467990721248,-318.0,1019.0
-319.0,2.349746930595553,-320.7689463955638,972.394824594338,-319.0,968.0
-320.0,2.362368708176316,-321.7744916820703,991.8820577074342,-320.0,968.0000000000001
-321.0,2.3863959865424196,-322.7800369685767,1018.4436366172896,-321.0,968.0
-322.0,2.418069581353198,-323.7855822550832,1050.614699529785,-322.0,968.0000000000001
-323.0,2.4536303082679813,-324.7911275415897,1086.9303846507955,-323.0,1323.0000000000002
-324.0,2.4893189829461018,-325.7966728280961,1125.9258301862014,-324.0,1323.0
-325.0,2.5213764210468907,-326.8022181146026,1166.1483871134126,-325.0,1323.0
-326.0,2.5460434382296797,-327.80776340110907,1206.6201779030305,-326.0,1323.0
-327.0,2.5595608501537996,-328.8133086876156,1246.9800699878888,-327.0,1569.0
-328.0,2.559557892605008,-329.818853974122,1286.9081489047257,-328.0,1569.0
-329.0,2.5492174818747655,-330.82439926062847,1326.0845001902842,-329.0,1569.0
-330.0,2.533110954380955,-331.82994454713497,1364.1892093813083,-330.0,1569.0
-331.0,2.5158096465414626,-332.8354898336414,1400.9023620145347,-331.0,1569.0
-332.0,2.4996431338032488,-333.8410351201479,1435.9040436267094,-332.0,1569.0
-333.0,2.477973947729568,-334.84658040665437,1468.8743397545695,-333.0,1569.0
-334.0,2.444685610128714,-335.8521256931608,1499.4933359348593,-334.0,1569.0000000000005
-335.0,2.4047126476728278,-336.8576709796673,1527.4411177043207,-335.0,1569.0
-336.0,2.3657523382500125,-337.86321626617377,1552.3977705996926,-336.0,1429.0000000000002
-337.0,2.3355019597483726,-338.86876155268027,1574.0433801577196,-337.0,1429.0
-338.0,2.3216587900560097,-339.8743068391867,1592.0580319151395,-338.0,1429.0000000000002
-339.0,2.331920107061029,-340.87985212569316,1606.1218114086964,-339.0,1429.0000000000002
-340.0,2.370562096559322,-341.88539741219967,1615.9148041751312,-340.0,1429.0
-341.0,2.4281765759779383,-342.8909426987061,1621.117095751185,-341.0,1429.0000000000002
-342.0,2.491934270651719,-343.8964879852126,1621.4087716735992,-342.0,1429.0
-343.0,2.5490059059155024,-344.90203327171906,1616.4699174791158,-343.0,1429.0000000000002
-344.0,2.5865622071041274,-345.9075785582255,1606.0170184381668,-344.0,1429.0000000000002
-345.0,2.595269320437967,-346.913123844732,1590.302191289153,-345.0,1429.0000000000002
-346.0,2.5797750756795237,-347.91866913123846,1569.9853196264378,-346.0,1257.0000000000002
-347.0,2.54822272347683,-348.92421441774496,1545.7365159973915,-347.0,1257.0000000000002
-348.0,2.5087555144779223,-349.9297597042514,1518.2258929493876,-348.0,1257.0000000000002
-349.0,2.4695166993308346,-350.93530499075786,1488.1235630297947,-349.0,1257.0
-350.0,2.437075316088631,-351.94085027726436,1456.099638785984,-350.0,1257.0000000000002
-351.0,2.411703552424495,-352.9463955637708,1422.82423276533,-351.0,1257.0000000000002
-352.0,2.3920993834166397,-353.9519408502773,1388.9674575152,-352.0,1257.0000000000002
-353.0,2.376960784143278,-354.95748613678376,1355.199425582969,-353.0,1104.0000000000002
-354.0,2.3649857296826235,-355.9630314232902,1322.1902495160068,-354.0,1104.0
-355.0,2.3549925873150994,-356.9685767097967,1290.6100418616822,-355.0,1104.0
-356.0,2.346281293129974,-357.97412199630315,1261.1289151673711,-356.0,1104.0
-357.0,2.3382721754187212,-358.97966728280966,1234.4169819804406,-357.0,1104.0000000000002
-358.0,2.33038556247282,-359.9852125693161,1211.074701891297,-358.0,1104.0
-359.0,2.3220417825837476,-360.99075785582255,1191.1549401663356,-359.0,1104.0
-360.0,2.312869989525812,-361.99630314232905,1174.4516727521377,-360.0,1010.0000000000001
-361.0,2.303334639004647,-363.0018484288355,1160.757336679696,-361.0,1010.0
-362.0,2.2941090122087187,-364.007393715342,1149.8643689799994,-362.0,1010.0000000000001
-363.0,2.285866390326491,-365.01293900184845,1141.5652066840394,-363.0,1010.0
-364.0,2.279280054546432,-366.0184842883549,1135.6522868228055,-364.0,1010.0000000000002
-365.0,2.275023286057005,-367.0240295748614,1131.9180464272883,-365.0,993.0000000000001
-366.0,2.2737693660466762,-368.02957486136785,1130.1549225284782,-366.0,993.0
-367.0,2.2755824401038107,-369.03512014787435,1130.1553521573655,-367.0,993.0
-368.0,2.278090111416373,-370.0406654343808,1131.7117723449405,-368.0,993.0
-369.0,2.2783108475722282,-371.04621072088725,1134.6166201221936,-369.0,993.0000000000001
-370.0,2.2732631161592396,-372.05175600739375,1138.6623325201153,-370.0,900.0
-371.0,2.2617160034311343,-373.0573012939002,1143.6413465696955,-371.0,900.0000000000001
-372.0,2.2494410703050853,-374.0628465804067,1149.3460993019257,-372.0,900.0
-373.0,2.2439604963641258,-375.06839186691315,1155.5801856240294,-373.0,900.0
-374.0,2.252796461191291,-376.0739371534196,1162.339488072214,-374.0,900.0
-375.0,2.2834711443696154,-377.0794824399261,1169.7820431778039,-375.0,1098.0
-376.0,2.3400447498844468,-378.08502772643254,1178.0709636825236,-376.0,1098.0
-377.0,2.412729579330381,-379.09057301293905,1187.3693623280988,-377.0,1098.0
-378.0,2.488275958704327,-380.0961182994455,1197.8403518562538,-378.0,1098.0
-379.0,2.5534342140031927,-381.10166358595194,1209.647045008715,-379.0,1140.0
-380.0,2.5949546712238893,-382.10720887245844,1222.952554527208,-380.0,1140.0
-381.0,2.6036522427750675,-383.1127541589649,1237.9199931534565,-381.0,1140.0
-382.0,2.5866001867123463,-384.1182994454714,1254.7124736291871,-382.0,1194.0
-383.0,2.5549363475030886,-385.12384473197784,1273.4931086961242,-383.0,1194.0000000000002
-384.0,2.519798569614657,-386.1293900184843,1294.3969314880326,-384.0,1194.0000000000002
-385.0,2.4923246975144133,-387.1349353049908,1317.3672212439733,-385.0,1194.0
-386.0,2.4811315389900255,-388.14048059149724,1342.2671181948726,-386.0,1404.0000000000002
-387.0,2.484751755110389,-389.14602587800374,1368.9594935411533,-387.0,1404.0000000000002
-388.0,2.499196970264702,-390.1515711645102,1397.307218483232,-388.0,1404.0000000000002
-389.0,2.5204788088421637,-391.1571164510167,1427.1731642215316,-389.0,1521.0000000000002
-390.0,2.544608895231974,-392.16266173752314,1458.424115591315,-390.0,1521.0
-391.0,2.567598853823333,-393.1682070240296,1491.1213534405938,-391.0,1521.0000000000002
-392.0,2.5862638234682005,-394.1737523105361,1525.6064794923202,-392.0,1668.0
-393.0,2.6006330008695775,-395.17929759704253,1562.2428962491288,-393.0,1668.0000000000002
-394.0,2.611539097193226,-396.18484288354904,1601.394006213662,-394.0,1668.0
-395.0,2.6198148236049104,-397.1903881700555,1643.4232118885527,-395.0,1692.0000000000002
-396.0,2.6257949602746233,-398.19593345656193,1688.4721376214059,-396.0,1692.0
-397.0,2.6278225633892935,-399.20147874306844,1734.3283996901578,-397.0,1692.0
-398.0,2.623742758140078,-400.2070240295749,1777.3609807719624,-398.0,1699.0000000000002
-399.0,2.6114006697181376,-401.2125693160814,1813.9193350721898,-399.0,1699.0000000000002
-400.0,2.5886414233146327,-402.21811460258783,1840.352916796202,-400.0,1699.0
-401.0,2.553729003206029,-403.2236598890943,1853.0111801493658,-401.0,1699.0
-402.0,2.506602830010017,-404.2292051756008,1848.2435793370478,-402.0,1699.0000000000002
-403.0,2.4476211834295922,-405.23475046210723,1822.3995685646128,-403.0,1731.0000000000002
-404.0,2.377142343167754,-406.24029574861373,1771.828602037424,-404.0,1731.0
-405.0,2.295524588927498,-407.2458410351202,1692.9340371502783,-405.0,1731.0000000000002
-406.0,2.2044712257334584,-408.2513863216266,1589.0128973417577,-406.0,1731.0000000000005
-407.0,2.1110656598968087,-409.25693160813313,1476.9552775674222,-407.0,1449.0000000000002
-408.0,2.023736323050358,-410.2624768946396,1375.2419607860145,-408.0,1449.0
-409.0,1.9509116468269163,-411.2680221811461,1302.3517635266692,-409.0,1449.0
-410.0,1.9010200628592935,-412.2735674676525,1269.0407401896039,-410.0,1376.0000000000002
-411.0,1.8801115125676582,-413.279112754159,1260.8242220492743,-411.0,1376.0000000000002
-412.0,1.884721976521611,-414.2846580406655,1258.0691356770647,-412.0,1302.0000000000002
-413.0,1.9090089450781116,-415.2902033271719,1241.1424076443573,-413.0,1302.0000000000002
-414.0,1.947129908594121,-416.2957486136784,1190.7124835387071,-414.0,1238.0000000000002
-415.0,1.993242357426598,-417.3012939001849,1111.9263287568351,-415.0,1238.0000000000005
-416.0,2.040993999896275,-418.3068391866913,1052.088091460982,-416.0,1262.0000000000002
-417.0,2.081993416178974,-419.3123844731978,1059.540348338437,-417.0,1262.0
-418.0,2.107339404414289,-420.31792975970427,1137.4257372775094,-418.0,1262.0
-419.0,2.108130762741812,-421.3234750462108,1254.9074967411714,-419.0,1405.0
-420.0,2.0754662893011377,-422.3290203327172,1380.3206358079135,-420.0,1405.0000000000002
-421.0,2.0004447822318596,-423.33456561922367,1482.5171389287314,-421.0,1405.0000000000002
-422.0,1.8802058683987144,-424.34011090573017,1547.0955413735642,-422.0,1471.0000000000002
-423.0,1.7360524895670175,-425.3456561922366,1579.647283307264,-423.0,1475.0
-424.0,1.5953284162272263,-426.3512014787431,1586.9364475623488,-424.0,1475.0
-425.0,1.4853774188697997,-427.35674676524957,1575.7271169713292,-425.0,1475.0000000000002
-426.0,1.4260717497100406,-428.362292051756,1552.7795677567954,-426.0,1475.0
-427.0,1.407397587862633,-429.3678373382625,1523.4509190091314,-427.0,1416.0000000000002
-428.0,1.4118695941671058,-430.37338262476896,1489.6066901933696,-428.0,1416.0000000000002
-429.0,1.4220024294629887,-431.37892791127547,1452.5784260865794,-429.0,1173.0
-430.0,1.4203107545898106,-432.3844731977819,1413.6976714658385,-430.0,1173.0
-431.0,1.3943801094319201,-433.39001848428836,1374.295971108219,-431.0,1173.0000000000002
-432.0,1.3520795500529472,-434.39556377079487,1335.7048697907908,-432.0,1173.0000000000002
-433.0,1.3063490115613396,-435.4011090573013,1299.2559122906328,-433.0,1173.0000000000002
-434.0,1.2701284290655457,-436.4066543438078,1266.280643384814,-434.0,1173.0
-435.0,1.256357737674015,-437.41219963031426,1238.1106078504117,-435.0,1173.0
-436.0,1.277976872495195,-438.4177449168207,1216.0773504644972,-436.0,1020.0
-437.0,1.34211655472637,-439.4232902033272,1201.5124160041437,-437.0,1020.0000000000002
-438.0,1.4326706499201631,-440.42883548983366,1195.7473492464255,-438.0,1020.0000000000001
-439.0,1.5277238097180317,-441.43438077634016,1200.113694968417,-439.0,898.0
-440.0,1.6053606857614342,-442.4399260628466,1215.942997947189,-440.0,898.0
-441.0,1.6436659296918281,-443.44547134935306,1244.5668029598164,-441.0,898.0000000000001
-442.0,1.6276503174925183,-444.45101663585956,1287.0936027528476,-442.0,898.0000000000002
-443.0,1.5700291225141938,-445.456561922366,1342.6701380632348,-443.0,898.0000000000002
-444.0,1.4904437424493913,-446.4621072088725,1409.4243546265002,-444.0,1061.0000000000002
-445.0,1.4085355749906452,-447.46765249537896,1485.4755152234586,-445.0,1061.0
-446.0,1.3407072028214726,-448.4731977818854,1568.9428826349354,-446.0,1553.0000000000002
-447.0,1.2904059485893098,-449.4787430683919,1657.886598516736,-447.0,1553.0000000000002
-448.0,1.2578403199325734,-450.48428835489835,1748.8413534137783,-448.0,1476.0000000000002
-449.0,1.2432188244896816,-451.48983364140486,1836.7182464655154,-449.0,1544.0
-450.0,1.2460986726325622,-452.4953789279113,1916.3496037040059,-450.0,1544.0
-451.0,1.263431885667193,-453.50092421441775,1982.5677511613235,-451.0,1544.0000000000002
-452.0,1.2915191876330625,-454.50646950092425,2030.2050148695403,-452.0,1544.0
-453.0,1.3266613025696588,-455.5120147874307,2054.0937208607193,-453.0,1673.0000000000005
-454.0,1.365158954516471,-456.5175600739372,2049.0661951669313,-454.0,1673.0000000000002
-455.0,1.403312867512988,-457.52310536044365,2009.954763820245,-455.0,1673.0
-456.0,1.4374237655986986,-458.5286506469501,1932.0269436486074,-456.0,1673.0
-457.0,1.4642557054295111,-459.5341959334566,1819.4464079639563,-457.0,1604.0
-458.0,1.4824260741270174,-460.53974121996305,1684.6952384551453,-458.0,1604.0
-459.0,1.491015591429227,-461.54528650646955,1540.5749946367491,-459.0,1604.0000000000002
-460.0,1.4891049770741516,-462.550831792976,1399.8872360233745,-460.0,1604.0000000000002
-461.0,1.4765115374140603,-463.55637707948244,1275.4335221296044,-461.0,1297.0
-462.0,1.45599892525826,-464.56192236598895,1179.4963721790152,-462.0,1297.0
-463.0,1.431067380030313,-465.5674676524954,1115.168515049639,-463.0,1166.0
-464.0,1.4052171411537855,-466.5730129390019,1077.6614247327523,-464.0,1041.0000000000002
-465.0,1.3819484480522415,-467.57855822550835,1061.9311792461565,-465.0,1041.0000000000002
-466.0,1.363986468027567,-468.5841035120148,1062.9338566076476,-466.0,1041.0
-467.0,1.350956079894933,-469.5896487985213,1075.6255348350235,-467.0,1041.0
-468.0,1.341707090347831,-470.59519408502774,1095.0862148838,-468.0,1013.0
-469.0,1.3350893060797528,-471.60073937153425,1118.3108759473316,-469.0,1013.0000000000001
-470.0,1.329952533784191,-472.6062846580407,1143.8003390443162,-470.0,1013.0
-471.0,1.325444166342664,-473.6118299445472,1170.0960361303282,-471.0,1013.0000000000001
-472.0,1.3219019413887938,-474.61737523105364,1195.7393991609365,-472.0,1014.0
-473.0,1.3199611827442281,-475.6229205175601,1219.271860091714,-473.0,1014.0
-474.0,1.3202572142306166,-476.6284658040666,1239.234850878234,-474.0,1014.0000000000001
-475.0,1.3234253596696066,-477.63401109057304,1254.1698034760657,-475.0,1014.0000000000001
-476.0,1.3296236194598687,-478.63955637707954,1262.618149840783,-476.0,757.0000000000001
-477.0,1.3371007003081596,-479.645101663586,1263.1213219279562,-477.0,757.0
-478.0,1.343627985498258,-480.65064695009244,1254.2207516931576,-478.0,757.0000000000001
-479.0,1.346976858313941,-481.65619223659894,1234.457871091958,-479.0,540.0
-480.0,1.3449187020389883,-482.6617375231054,1202.3741120799311,-480.0,540.0
-481.0,1.3352248999571774,-483.6672828096119,1156.5109066126454,-481.0,540.0
-482.0,1.3156668353522873,-484.67282809611834,1095.409686645677,-482.0,540.0000000000001
-483.0,1.2861610192020558,-485.6783733826248,1017.9532503455465,-483.0,540.0000000000001
-484.0,1.2552044732600665,-486.6839186691313,926.8802168802272,-484.0,481.0
-485.0,1.2334393469738616,-487.68946395563773,827.3644059768441,-485.0,481.0000000000001
-486.0,1.2289498426480963,-488.69500924214424,724.6179323681538,-486.0,481.00000000000006
-487.0,1.2395883740158808,-489.7005545286507,623.8529107869363,-487.0,481.0
-488.0,1.2606494076674382,-490.70609981515713,530.5867802137125,-488.0,481.0
-489.0,1.2874274101929903,-491.71164510166363,453.4648304405409,-489.0,409.00000000000006
-490.0,1.3152168481827606,-492.7171903881701,402.966662395493,-490.0,409.00000000000006
-491.0,1.3393121882269714,-493.7227356746766,387.4882009523034,-491.0,354.00000000000006
-492.0,1.355007896915846,-494.72828096118303,395.04201294052103,-492.0,354.0
-493.0,1.3604087320908793,-495.7338262476895,403.8813714391147,-493.0,377.00000000000006
-494.0,1.3648606165986588,-496.739371534196,407.69980726521675,-494.0,377.0
-495.0,1.3805197645370444,-497.74491682070243,408.6618575354206,-495.0,364.00000000000006
-496.0,1.4195423900038953,-498.75046210720893,409.0168813195156,-496.0,364.0
-497.0,1.487304115442365,-499.7560073937154,411.0142376872908,-497.0,325.0
-498.0,1.5620581966767784,-500.7615526802218,416.70368992042563,-498.0,325.0
-499.0,1.6152772978767536,-501.76709796672833,426.43974648855703,-499.0,370.00000000000006
-500.0,1.6251750411625963,-502.7726432532348,439.7215153348754,-500.0,370.0
-501.0,1.5969288804573616,-503.7781885397413,456.0415402069079,-501.0,378.00000000000006
-502.0,1.5424572276347899,-504.7837338262477,473.4149036495892,-502.0,378.0
-503.0,1.4736784945686228,-505.7892791127542,478.18549198756676,-503.0,373.0
-504.0,1.4025110931326021,-506.7948243992607,451.1567294028462,-504.0,380.00000000000006
-505.0,1.3408734352004694,-507.8003696857671,379.3506877121256,-505.0,488.00000000000006
-506.0,1.2977695677204981,-508.8059149722736,296.60143322731193,-506.0,488.00000000000006
-507.0,1.27054607793909,-509.8114602587801,252.18695054037747,-507.0,359.0
-508.0,1.2536351881771797,-510.8170055452865,253.74430295905412,-508.0,359.0
-509.0,1.2414691207557007,-511.822550831793,290.56312564755024,-509.0,340.0
-510.0,1.2284800979955872,-512.8280961182995,351.8540170991655,-510.0,340.0
-511.0,1.210316845535998,-513.8336414048059,427.300175851383,-511.0,340.00000000000006
-512.0,1.1874941022889858,-514.8391866913124,509.769369040188,-512.0,340.00000000000006
-513.0,1.1617431104848273,-515.8447319778189,593.4444145600165,-513.0,329.0
-514.0,1.134795112353799,-516.8502772643253,672.5122742407168,-514.0,329.00000000000006
-515.0,1.1083813501261783,-517.8558225508318,741.1599099121645,-515.0,329.00000000000006
-516.0,1.0840544708370743,-518.8613678373383,793.5742834042076,-516.0,327.0
-517.0,1.0626527407409267,-519.8669131238448,823.9423565467027,-517.0,327.0
-518.0,1.0448358308970063,-520.8724584103512,827.6468280562958,-518.0,327.0
-519.0,1.0312634123645847,-521.8780036968577,807.2133378806336,-519.0,582.0
-520.0,1.0225951562029343,-522.8835489833642,767.8085290853703,-520.0,582.0
-521.0,1.0192628096507383,-523.8890942698706,714.6032890463973,-521.0,582.0
-522.0,1.0207864246643303,-524.8946395563771,652.7685051395861,-522.0,720.0000000000001
-523.0,1.0264581293794557,-525.9001848428836,586.9797353539874,-523.0,720.0
-524.0,1.0355700519318587,-526.90573012939,519.1940137809731,-524.0,641.0000000000001
-525.0,1.0474143204572863,-527.9112754158965,450.4405921712645,-525.0,641.0000000000001
-526.0,1.0612458672799854,-528.916820702403,381.7479280721406,-526.0,641.0
-527.0,1.0761708414782112,-529.9223659889095,314.1444790308731,-527.0,292.0
-528.0,1.0912581963187216,-530.9279112754159,248.6587025947404,-528.0,292.00000000000006
-529.0,1.1055768850682748,-531.9334565619224,186.31905631099914,-529.0,292.00000000000006
-530.0,1.118195860993628,-532.9390018484289,128.15399772692825,-530.0,291.0
-531.0,1.1285602195287976,-533.9445471349353,75.19198438980494,-531.0,291.00000000000006
-532.0,1.1376196247768282,-534.9500924214418,28.46147384688857,-532.0,163.0
-533.0,1.146699883008024,-535.9556377079483,-11.009076354543238,-533.0,163.0
-534.0,1.157126800492689,-536.9611829944547,-42.19120866721596,-534.0,63.0
-535.0,1.1702261835011258,-537.9667282809612,-64.05646554386529,-535.0,63.0
-536.0,1.1873238383036389,-538.9722735674677,-75.57638943721581,-536.0,63.0
-537.0,1.2097455711705312,-539.9778188539742,-75.72252279999609,-537.0,63.00000000000001
-538.0,1.2388171883721066,-540.9833641404806,-63.466408084936724,-538.0,27.000000000000004
-539.0,1.2758644961786685,-541.9889094269871,-37.77958774476369,-539.0,27.0
-540.0,1.3222133008605208,-542.9944547134936,2.3663957677938043,-540.0,26.999999999999996
-541.0,1.3791894086879664,-544.0,58.0,-541.0,27.0
