time,Pvar,Pdiv,AreaSedCover,Plant,AngioGymno
-541.0,0.16573315697140806,0.49187786849355264,320174.2851668708,0.0,0.0
-540.0,0.1627616405189164,0.5260289594953629,343261.0552718454,0.0,0.0
-539.0,0.16089443690254357,0.548926315264231,370221.7883671714,0.0,0.0
-538.0,0.15996242031629887,0.5622640921408987,402004.263281578,0.0,0.0
-537.0,0.15979646495419114,0.5677364464661088,439556.2588437944,0.0,0.0
-536.0,0.16022744501022973,0.5670375345806037,483825.55388254975,0.0,0.0
-535.0,0.1610862346784238,0.5618615128251253,535759.927226573,0.0,0.0
-534.0,0.1622037081527823,0.5539025375404163,596307.1577045936,0.0,0.0
-533.0,0.16341073962731428,0.5448547650672189,666415.0241453405,0.0,0.0
-532.0,0.16453820329602892,0.5364123517462753,747031.3053775433,0.0,0.0
-531.0,0.16541697335293526,0.5302694539183282,839103.7802299308,0.0,0.0
-530.0,0.1658779239920425,0.5281202279241197,943580.2275312316,0.0,0.0
-529.0,0.1657902303310559,0.5311493710312656,1059491.5728976275,0.0,0.0
-528.0,0.1652261381354827,0.5378404398030929,1178201.3290951075,0.0,0.0
-527.0,0.16432493805285164,0.5457851944660211,1289156.1556771128,0.0,0.0
-526.0,0.16322596269634987,0.5525748370409855,1381802.712197083,0.0,0.0
-525.0,0.16206854467916526,0.5558005695489217,1445587.65820846,0.0,0.0
-524.0,0.16098342910989144,0.5535759368487521,1474345.963135629,0.0,0.0
-523.0,0.16004880252037956,0.5472114074034488,1479465.835886751,0.0,0.0
-522.0,0.1593229748401322,0.5392264622321798,1476723.795240931,0.0,0.0
-521.0,0.15886421877857448,0.5321428462994662,1481896.359977275,0.0,0.0
-520.0,0.15873080704513082,0.5284823045698284,1510760.048874888,0.0,0.0
-519.0,0.15897053439270115,0.5303147400527206,1574205.5893317584,0.0,0.0
-518.0,0.15955692936597926,0.5365074667192764,1663580.5432214031,0.0,0.0
-517.0,0.16043143626188555,0.5445442263520714,1765346.68103622,0.0,0.0
-516.0,0.16153537208308044,0.5519032714107165,1865965.7732686077,0.0,0.0
-515.0,0.16281005383222374,0.5560628543548214,1951899.5904109653,0.0,0.0
-514.0,0.16419098286521533,0.554880689098397,2013254.8957997607,0.0,0.0
-513.0,0.16556571297916278,0.5493429894702606,2054718.4241477344,0.0,0.0
-512.0,0.16679819790093847,0.5419758353441462,2084621.903011693,0.0,0.0
-511.0,0.1677522265500982,0.5353160600020836,2111297.059948445,0.0,0.0
-510.0,0.16829158784619724,0.531900496726102,2143075.622514799,0.0,0.0
-509.0,0.16830428641518935,0.5339344532355026,2186896.836845548,0.0,0.0
-508.0,0.16791189327037437,0.540425592434859,2244130.023387422,0.0,0.0
-507.0,0.1673666421219503,0.5485927372335561,2314752.0211651367,0.0,0.0
-506.0,0.1669221988308529,0.5556351036556192,2398739.669203407,0.0,0.0
-505.0,0.16683222925801844,0.5587519077250743,2496069.8065269487,0.0,0.0
-504.0,0.1673173705303364,0.5554518111111435,2605905.0587211912,0.0,0.0
-503.0,0.16822285427810307,0.5467606431693112,2724151.197614425,0.0,0.0
-502.0,0.16915571567789,0.5359358917619849,2845899.781595655,0.0,0.0
-501.0,0.16971919589539125,0.5262705907746935,2966242.3690538835,0.0,0.0
-500.0,0.16951653609630002,0.5210577740929649,3080270.5183781176,0.0,0.0
-499.0,0.16817982998789976,0.5233197509765666,3183075.787957361,0.0,0.0
-498.0,0.16573112873131496,0.532419843298417,3271475.840919163,0.0,0.0
-497.0,0.16247265262855543,0.5450925339578819,3349192.759345255,0.0,0.0
-496.0,0.15871276157547032,0.5580146977840238,3421674.7300559115,0.0,0.0
-495.0,0.15475981546790823,0.5678632096059049,3492907.487189581,0.0,0.0
-494.0,0.1509161092475232,0.5715173272295274,3561026.9541574065,0.0,0.0
-493.0,0.14738536537652913,0.5691455982381287,3622706.601688706,0.0,0.0
-492.0,0.1442912138443383,0.5635891960179882,3674619.900512796,0.0,0.0
-491.0,0.14175496569776663,0.5577666753322009,3714484.619000071,0.0,0.0
-490.0,0.13989793198363015,0.5545965909438618,3744195.716085241,0.0,0.0
-489.0,0.13883397326830416,0.5568524382911176,3766692.448344096,0.0,0.0
-488.0,0.13852929580779483,0.5644329136957104,3784914.072352426,0.0,0.0
-487.0,0.13881453204114935,0.5745971190901322,3801799.8446860174,0.0,0.0
-486.0,0.139515285545336,0.5845062454943771,3820289.0219206624,0.0,0.0
-485.0,0.14045715989732277,0.591321483928438,3843320.860632148,0.0,0.0
-484.0,0.14146850433512692,0.5923115402070566,3873379.301543702,0.0,0.0
-483.0,0.14244517797121337,0.5873886767107502,3911127.02196832,0.0,0.0
-482.0,0.14335306450698826,0.5792071837585818,3956771.38336643,0.0,0.0
-481.0,0.14416129645869818,0.5705485689970514,4010747.9551386833,0.0,0.0
-480.0,0.14483900634258995,0.5641943400726588,4074405.138446619,0.0,0.0
-479.0,0.14535825749818754,0.5628477524236994,4149319.542391996,0.0,0.0
-478.0,0.14578248986640135,0.5667723303412516,4237067.776076571,0.0,0.0
-477.0,0.14628222919439104,0.5733724353442358,4339226.448602103,0.0,0.0
-476.0,0.14703409870124262,0.5798896280599377,4457372.16907035,0.0,0.0
-475.0,0.14821472160604288,0.5835654691156428,4593081.546583072,0.0,0.0
-474.0,0.14999478228024277,0.5816996850488809,4746459.236728942,0.0,0.0
-473.0,0.1523035573676899,0.5739563836842299,4911722.081044296,0.0,0.0
-472.0,0.15475049178177847,0.5631321498634434,5081614.967552385,0.0,0.0
-471.0,0.15692301666806036,0.5522391743712193,5248882.784276465,0.0,0.0
-470.0,0.15840856317208757,0.5442896479922562,5406270.419239784,0.0,0.0
-469.0,0.15880013636859108,0.5422551035521517,5548645.63950493,0.0,0.0
-468.0,0.157997027601749,0.5468729273316242,5679367.728291835,0.0,0.0
-467.0,0.15635775679427866,0.5555307506781942,5803918.847859754,0.0,0.0
-466.0,0.15427858808361938,0.5653408869923405,5927781.1604679525,0.0,0.0
-465.0,0.15215578560721071,0.5734156496745416,6056436.828375693,0.0,0.0
-464.0,0.15038337739736285,0.576890600101387,6194494.108196445,0.0,0.0
-463.0,0.14918106788866742,0.5747136790326859,6343065.633960485,0.0,0.0
-462.0,0.1484723248085018,0.5689126931083273,6502390.134052298,0.0,0.0
-461.0,0.1481518269178303,0.5618147574374884,6672706.336856365,0.0,0.0
-460.0,0.14811425297761593,0.5557469871293469,6854252.970757179,0.8272600067189566,0.0
-459.0,0.14825440141168483,0.5530256538529894,7045412.542874119,0.8527132067210793,0.0
-458.0,0.1484812199094956,0.5546848711283465,7237142.675266172,0.9075139100007604,0.0
-457.0,0.1487309604437319,0.559284531540334,7418544.768727222,0.9494288686167257,0.0
-456.0,0.14894298769274067,0.5651024649127926,7578720.22405116,0.9362248346277019,0.0
-455.0,0.14905666633486858,0.5704165010695633,7709332.8111733105,0.8259596554764626,0.0
-454.0,0.14901163408118506,0.5735093114031142,7812295.776594767,0.6143363561358457,0.0
-453.0,0.1488014812472438,0.5736202850015903,7892084.735958062,0.37151115286704667,0.0
-452.0,0.1485382983503169,0.5720901226693698,7953175.30490573,0.17629608490396184,0.0
-451.0,0.1483499231109794,0.5705387634089059,8000043.099080305,0.08371600895553698,0.0
-450.0,0.14836419324980665,0.5705861462226532,8037163.734124318,0.09301294771244328,-1.20263
-449.0,0.14870869952128368,0.5738494081213038,8069012.825680308,0.19543207362450685,-1.06760442741603
-448.0,0.14941617859947087,0.5808695045566937,8099958.729893947,0.37399966649030053,-0.9431613435798468
-447.0,0.15028163160808639,0.5894901257284173,8133940.7649234915,0.5887425145051077,-0.8280281695678122
-446.0,0.15106341438696014,0.5971391971313427,8174790.989430332,0.7956933641083043,-0.7209323264562884
-445.0,0.15151988277592154,0.6012446442603384,8226341.462075865,0.9412035151250401,-0.6206006450983815
-444.0,0.15140954343916624,0.599235883487611,8291700.878010087,0.9390868358966737,-0.525744823533943
-443.0,0.15063738483458622,0.589990282817601,8371084.478337403,0.6963292342189799,-0.4350607252391033
-442.0,0.1495284786359155,0.576537672910361,8463984.140650822,0.21044492834819267,-0.34728139401728
-441.0,0.14848273045245935,0.5626476072025588,8569891.74254334,-0.15521351126190885,-0.2612208355737819
-440.0,0.14790004589352274,0.5520896391308615,8684180.04020958,0.0551069116461973,-0.1756328350583223
-439.0,0.14818028907852693,0.548632962683617,8785745.304250581,1.1412985896664354,-0.0889475893049485
-438.0,0.14954427991690084,0.5544956192575361,8849364.683868999,2.6462076786493176,0.0003341310857283
-437.0,0.15162378563480117,0.5667923822000387,8849815.328267485,3.8831553460212334,0.0919876930221942
-436.0,0.15392961169854036,0.5815900705723959,8761874.386648694,4.264489341076404,0.1847354794979243
-435.0,0.1559725635744308,0.5949555034358797,8572027.37958979,4.054040424650219,0.2767047184726626
-434.0,0.15726344758941468,0.6029555077241383,8313593.313165986,3.9495009229452784,0.3653291876245395
-433.0,0.1574523842749066,0.602931248442441,8031599.564827006,4.5366869541171795,0.448086655969953
-432.0,0.15671637503433788,0.5970433873370032,7771073.512022572,5.570904854255313,0.5226600213540697
-431.0,0.1553569571626916,0.5885917437043362,7577042.532202407,6.443599922949143,0.5867532749773441
-430.0,0.15367566795495058,0.5808761368409516,7494534.002816237,6.654852077240622,0.6380212413032351
-429.0,0.15197404470609754,0.57719638604336,7552797.370611579,6.683694830276858,0.6741017146210843
-428.0,0.150541688164183,0.5798531492076899,7717970.359527137,7.521819089278047,0.6926207853448796
-427.0,0.14961626112693738,0.5867995626673389,7940412.762799401,10.04342220237399,0.6911981322984104
-426.0,0.14942130356940297,0.5948065968098847,8170484.373664875,13.773702248122532,0.6675169128586652
-425.0,0.15018035518011075,0.600645198040133,8358544.9853600515,17.399296607526562,0.6193456357636158
-424.0,0.15211695564759087,0.6010863127628889,8468608.557954578,19.674097781201876,0.5443156808908927
-423.0,0.15533129920799316,0.5938345899722189,8519305.718850683,20.50737869760277,0.4396636677214106
-422.0,0.15930569285574958,0.5812719724442265,8542921.262283739,20.677936180195935,0.3036620416483744
-421.0,0.16332936866364112,0.5672419449153178,8571739.982489128,20.957945723254685,0.1412421500756538
-420.0,0.16669149361845748,0.5555884848109833,8631337.315670066,21.595297148144272,-0.0401567226671087
-419.0,0.1686812347069893,0.5501555695567142,8720451.265901178,22.37124567688927,-0.2327634849717379
-418.0,0.16874478828982253,0.5539176224587591,8831110.47922493,23.05673047742952,-0.4285580357835525
-417.0,0.16723550587170455,0.5648256723250882,8955343.601683784,23.573230814949767,-0.6195781107886686
-416.0,0.1648317714451057,0.5790308723623478,9085179.279320212,24.000450293284818,-0.7979586879138321
-415.0,0.16221238436510177,0.592682075696279,9212646.15817668,24.42460557358338,-0.9558344398665986
-414.0,0.16005614398676826,0.6019281354526209,9330878.844203137,24.89685653867529,-1.085313541570614
-413.0,0.1589490776912269,0.6035850175454035,9437435.782979494,25.424893140215303,-1.178498581277952
-412.0,0.15885743460714719,0.598925443312647,9530981.379993146,26.0137483958698,-1.2274894587751366
-411.0,0.1594935079062404,0.5910483027004975,9610180.040731484,26.6709929318361,-1.2243863989263153
-410.0,0.1605688232851205,0.5830580044818605,9673696.1706819,27.407915738565038,-1.161315709551133
-409.0,0.16179490644040156,0.5780589574296413,9721100.567951508,28.236059783469038,-1.030425252946495
-408.0,0.16290482666221773,0.5786784010817957,9755589.601126265,29.163453552762576,-0.8237936621599894
-407.0,0.16379874690687218,0.583842615952263,9781266.031411842,30.19201388497926,-0.5333798562192721
-406.0,0.16445491766062448,0.5907483211940716,9802232.62001391,31.32291522407786,-0.1512738759029259
-405.0,0.16485203165561446,0.5965824406525038,9822592.128138147,32.5369585947853,0.3299199528648918
-404.0,0.16496878162398276,0.5985318981728429,9845662.07431512,33.77263971415109,0.9177058097251134
-403.0,0.16479036183795792,0.5941877315191689,9871619.006374983,34.96322557400755,1.621391201737482
-402.0,0.16436081469933833,0.5847987807499321,9899854.229472796,36.106208841204875,2.4502909075895696
-401.0,0.16375546885596665,0.5735585340101987,9929759.0487636,37.39520037389956,3.3950200741184933
-400.0,0.16304994242935517,0.5636784721570647,9960724.769402454,39.060231642416795,4.428081844715448
-399.0,0.16231985354101508,0.5583700760476243,9991731.047395611,41.17400507455085,5.520072314513951
-398.0,0.1616314988817944,0.5604786275794627,10020110.942154158,43.4717425945597,6.639331584148275
-397.0,0.1609520581111939,0.5689555263635977,10042785.86394036,45.645031244620675,7.75398142308685
-396.0,0.16018889688774934,0.5804023369152373,10056677.223016506,47.439264039386565,8.832307593012352
-395.0,0.15924855420559825,0.5913881476573339,10058706.429644875,48.798791723827875,9.842809510431817
-394.0,0.1580375690588789,0.5984820470128409,10045719.141023371,49.71394098202974,10.755589692774446
-393.0,0.15648358042231647,0.5985462649312043,10014258.002092402,50.183773581839816,11.541441658389305
-392.0,0.15477999239023932,0.5921352998228077,9960789.904727995,50.246705041307365,12.16620610995629
-391.0,0.15330192321329716,0.5823282005329988,9881781.740806185,49.95222857047427,12.590392190256168
-390.0,0.15242801554523067,0.5722529803551072,9776644.441948283,49.36240819753065,12.788294985029266
-389.0,0.15253691203977982,0.5650376525824613,9656565.098756796,48.60761305837355,12.765050905214194
-388.0,0.15396786018925968,0.563614665921446,9535674.841579504,47.841302359192454,12.536928039116766
-387.0,0.15646625334963837,0.5679684715407244,9428104.80076419,47.192618902516124,12.1534382975115
-386.0,0.15931808124600777,0.5758029592896855,9347986.10665864,46.63172546840074,11.673140183627767
-385.0,0.1617973852426371,0.5847627052298237,9309449.889610646,46.06494745901612,11.146293166339053
-384.0,0.1631782067037958,0.5924922854226321,9321522.538368436,45.41600063046308,10.618141346758309
-383.0,0.1627750441112512,0.5967489840883476,9372811.475282032,44.74756298795854,10.137443995323109
-382.0,0.16064164709416873,0.5973495410096874,9446819.381101912,44.18837102434243,9.757345870884864
-381.0,0.15747818148915238,0.5959115257127776,9527048.93657854,43.851434884822666,9.525454575724789
-380.0,0.15400659838610975,0.5941131985474972,9597002.822462397,43.693874423815416,9.474904926604683
-379.0,0.15094884887494853,0.5936328198637262,9645023.39524571,43.585453324017834,9.6311827967117
-378.0,0.14900251253856422,0.5960854302575885,9678811.714387769,43.42522187294832,9.99035165264769
-377.0,0.14831673498615416,0.601663431144495,9710908.515089612,43.475457015262386,10.540254349165568
-376.0,0.14849887281276897,0.6091538218018222,9753854.532552283,44.23839328895266,11.290626444330174
-375.0,0.14913324016026552,0.6172838293223195,9820190.501976836,46.21251608176409,12.2685015070177
-374.0,0.14980415117050216,0.6247806807987377,9918972.23669046,49.50963389591227,13.593275600055724
-373.0,0.1501072077971578,0.6303955977944775,10045315.862524956,53.69071253615668,15.511438028227428
-372.0,0.1499571071864828,0.6335581016492301,10190852.583438275,58.39955551445326,18.27487123148756
-371.0,0.14962466265670382,0.6344547088734293,10347213.603388373,64.5758026423971,22.12437957805355
-370.0,0.14939940751125746,0.6333117289987641,10506030.126333198,73.91798143238088,27.293804162566005
-369.0,0.14957087505358113,0.6303554715569242,10659341.329088472,86.93144631497972,33.98578760749752
-368.0,0.15042010548194118,0.6258199380070297,10800818.279901,101.43839381013595,42.35210389199505
-367.0,0.15191883867698952,0.6202192529845693,10924540.019875346,113.90522639336771,51.94619905196327
-366.0,0.15364869520322344,0.6144208594237216,11024585.59011608,127.11506894813385,61.85168932431579
-365.0,0.15516636517495486,0.6093147789515938,11096954.847394392,141.05901142917116,71.10021069767227
-364.0,0.15602853870649647,0.6057910331952924,11145330.911147932,148.8899146319261,78.66212858632649
-363.0,0.155800949984789,0.6047248171769584,11175317.716480987,153.7763773343224,83.77881579384947
-362.0,0.15448764878936894,0.6062727633409397,11192519.198497828,159.20796025046081,86.58754934598626
-361.0,0.15271804259907618,0.609566309846813,11202539.292302726,165.48177244812769,87.46677460085286
-360.0,0.15116947877448839,0.6136583035250258,11210981.932999955,172.39429078937331,87.22511405284334
-359.0,0.15051930467618269,0.6176015912060252,11223451.0556938,179.73133114775405,86.837497949238
-358.0,0.15143771884048052,0.6204550109670429,11244053.580644464,187.2650633272958,86.87760413859827
-357.0,0.1541136500925725,0.6216807407221568,11270908.36873585,194.55236734490407,87.56100656205888
-356.0,0.15795829760163982,0.6213927537203903,11300637.26600781,200.92329537396893,88.81655783772378
-355.0,0.16231210401931473,0.619764322438588,11329862.118500182,205.97114826861525,90.090374062413
-354.0,0.16651551199723058,0.6169687193535947,11355204.772252811,210.04001720158638,90.84042276230927
-353.0,0.16991069979463602,0.6131816832113844,11374483.28479825,213.5854256715148,90.75047855128996
-352.0,0.172011911998057,0.608823456104837,11390300.559639871,216.695827729793,89.59881767011979
-351.0,0.17264889084920498,0.6047625969698488,11406455.711773757,219.09254287262164,87.51414626184608
-350.0,0.17168514939079305,0.6019156524805523,11426747.85619599,220.48734166328174,84.796617288892
-349.0,0.1689842006655342,0.6011991693110803,11454976.10790266,220.88934249128667,81.6965030940826
-348.0,0.16441389991178634,0.6035233833651671,11494414.018817674,220.72412890526283,78.41332241435573
-347.0,0.1585308715300987,0.6087975014829544,11546232.888576267,220.44561482389696,75.14963055702597
-346.0,0.15332778418038062,0.6148436422330202,11611078.453741482,220.30923785078215,72.11836706112483
-345.0,0.15097690801421915,0.6192228986867185,11689596.45087638,220.24234069814057,69.48515505308913
-344.0,0.15365051318320144,0.6194963639154034,11782432.616544023,220.14182942715414,67.20936602143011
-343.0,0.1635149421105232,0.6132307818413311,11887192.692526624,219.9442380621355,65.19585128263671
-342.0,0.1810314705256723,0.599618321343565,11989322.441483038,219.66350748637532,63.35184365237809
-341.0,0.20260902813599307,0.5817142168236593,12071227.631291283,219.32252227365566,61.58643792006533
-340.0,0.22406759860389458,0.5631351397244195,12115314.029829388,218.94112630877643,59.823655105669225
-339.0,0.24122716559178603,0.5474977614886509,12103987.404975358,218.53212560108233,58.00434308681168
-338.0,0.2499105860385219,0.5384163837114931,12031231.465495342,218.10732798090126,56.10526877847251
-337.0,0.2477842472806226,0.5379847838437499,11937341.683707943,217.6748074406861,54.18226530326462
-336.0,0.23752242713477417,0.5441662848577272,11874191.47281988,217.23236424589373,52.3024514973275
-335.0,0.22264165561228794,0.554229529128563,11893654.24603787,216.77604862375247,50.5351308567487
-334.0,0.20665846272447586,0.5654431590313947,12047603.416568637,216.30885657756872,48.94855815782061
-333.0,0.19308892116125304,0.5750761725826949,12387912.39761891,215.8565963981471,47.59155627597002
-332.0,0.18447174066501604,0.5811576255306801,12921082.58147072,215.4497526739018,46.5004241284472
-331.0,0.1803028709850681,0.5840828115339194,13472127.27670743,215.11833298572205,45.70366080956232
-330.0,0.17948782669997754,0.5847061830698727,13865879.80062887,214.8904686268785,45.22018660923296
-329.0,0.18093212238831263,0.5838821926160006,14107941.589099502,214.7938296227768,45.06447177339649
-328.0,0.18354127863226583,0.5824652835198284,14249106.10762494,214.85093289437313,45.24113454257938
-327.0,0.18634908485366747,0.5811148359293061,14340166.821710812,215.0599414293153,45.74875683991692
-326.0,0.18884805352146883,0.5797926327774737,14423062.255694956,215.41183054933148,46.56090254686184
-325.0,0.19063320214115587,0.5783045737723,14504311.16924409,215.89802380201965,47.642743702733966
-324.0,0.191299548218214,0.5764565586217538,14581577.380857198,216.5125116613285,48.96335161908982
-323.0,0.19044210925812904,0.5740544870338037,14652524.70903322,217.25019478655685,50.49457422803792
-322.0,0.18781723789108268,0.5710586361678633,14714816.972271131,218.10067237625236,52.20753584989956
-321.0,0.18384497788785548,0.5680643522485912,14766117.989069885,219.01659533965696,54.072249233783424
-320.0,0.17911601316785802,0.5658302626913305,14804091.577928446,219.9348921515577,56.05879921185706
-319.0,0.1742210277859611,0.5651149950410433,14826401.55734576,220.79462809512597,58.13772833937876
-318.0,0.16975070579703544,0.5666771768426914,14831288.727789547,221.55371822694934,60.27960628729095
-317.0,0.16621521090059121,0.5710218072535898,14819301.817602506,222.17967738827684,62.45464233731384
-316.0,0.16374350287465883,0.5774531438851854,14791566.537096089,222.6415818148582,64.63295074123121
-315.0,0.16235184335410313,0.5849204602183438,14749208.596581742,222.92438356657206,66.78540648561912
-314.0,0.16205647709290016,0.5923729765613788,14694223.858908525,223.02265392853587,68.8836726120091
-313.0,0.1628736488450253,0.5987599132226056,14632088.797075914,222.93460034546985,70.91089043248131
-312.0,0.16471538959450616,0.6032599779833272,14569150.036620997,222.70548312298786,72.86853158634624
-311.0,0.16692521498404345,0.6063037971486721,14511754.203080855,222.41423246333818,74.75957930923863
-310.0,0.16865373370471093,0.6087467943310029,14464049.371103888,222.13942183057756,76.58657167742955
-309.0,0.1690513976680137,0.6114447383844568,14421389.411783757,221.94099327493066,78.35185017372577
-308.0,0.1672686587854575,0.6152533981631718,14376929.64532542,221.86323471852876,80.05698697280654
-307.0,0.16288202694267462,0.6207235211878624,14323825.391933842,221.94722188509516,81.70334628429845
-306.0,0.15815252254310497,0.6264839733869417,14255231.971814005,222.1728734328809,83.29496282089558
-305.0,0.15638400958460874,0.6304170332217693,14164304.70517087,222.45979318148164,84.83820222412483
-304.0,0.1608826678832802,0.6304033212244838,14051185.060622515,222.72561407967987,86.33092795373429
-303.0,0.17495467725521352,0.6243234579272221,13943959.100439508,222.9059082268489,87.75548120020159
-302.0,0.20100787001927906,0.6106145293747898,13877699.035305496,222.9570738784777,89.08937331650124
-301.0,0.23488984779049266,0.591777240816273,13887477.075904164,222.83646923570575,90.29788791484816
-300.0,0.26953857393533565,0.5721146215954447,13998608.01035654,222.49236835800593,91.34432669196931
-299.0,0.2978789318459284,0.555937803215498,14197376.936533133,221.86063286471176,92.20006891013492
-298.0,0.31283580491439134,0.5475579171796271,14460311.529741824,220.8772989281479,92.84039157955137
-297.0,0.3083564110268881,0.5506785911917181,14763939.465290483,219.54874919746575,93.2353972773856
-296.0,0.2870810036536028,0.563837773644646,15084902.01867414,217.9941440710181,93.3499599078539
-295.0,0.25604036645112366,0.5829644197057243,15400294.866136368,216.34256194949398,93.16076861473414
-294.0,0.22229909407494086,0.60396739296714,15687327.28410788,214.6981802922618,92.66917198276693
-293.0,0.1929217811805446,0.6227555570210798,15923208.5490194,213.11855489209063,91.88626896848606
-292.0,0.17435063156600428,0.6355901493649705,16091321.95152995,211.65601413514503,90.85264957692245
-291.0,0.1668282944238655,0.6422423582627778,16199746.839211758,210.34215428687565,89.61644413123598
-290.0,0.16704022811776742,0.6444973174102132,16262736.573865362,209.16313599525571,88.22047549769336
-289.0,0.17162965260644014,0.6441640742727868,16294544.517291296,208.09911548486411,86.70452952911666
-288.0,0.17723978784861338,0.643051676316008,16309424.0312901,207.13859505723127,85.10903663977788
-287.0,0.1807329182626256,0.6428400952257097,16321628.477662306,206.29163825766577,83.47521263529062
-286.0,0.1815469599322147,0.6436917052373397,16342158.82506564,205.5717241442213,81.84516664065563
-285.0,0.1807954051053865,0.6447816081634371,16369006.469586588,204.95641632371976,80.26298140184059
-284.0,0.1796203024909072,0.6452680799587818,16396910.414168818,204.3131035644123,78.75549127367822
-283.0,0.17916370079754274,0.6443093965781534,16420609.66175601,203.48811962288752,77.26156382154501
-282.0,0.1804829949285398,0.6411454233685154,16434843.215291835,202.34650012678458,75.69193986519521
-281.0,0.183449605282913,0.6361590686664592,16434350.07771997,200.82176433868025,73.95041549458831
-280.0,0.18706157548301394,0.6305750019074091,16413869.251984082,198.8631030498948,71.93656592163944
-279.0,0.1902966552169132,0.6256374518336967,16371014.486382583,196.42752924858758,69.5611694333585
-278.0,0.19213259417268092,0.6225906471876536,16314898.51063283,193.52959583171585,66.74955694640468
-277.0,0.19160884832746894,0.6226017499352993,16257508.799806911,190.20965912445163,63.4156538137014
-276.0,0.18880709258469608,0.625536264560839,16210832.828976918,186.69309877490906,59.44071914889894
-275.0,0.18467683154416126,0.630175837839923,16186858.073214944,183.76353442746046,54.749557799633685
-274.0,0.18019403124232136,0.6352690680915508,16194128.905525723,182.22221172194253,49.54854529043971
-273.0,0.17633465771563372,0.6395645536347219,16227417.290644636,181.90981449007748,44.16316466370736
-272.0,0.17403990618949516,0.6418581086482017,16278052.091239683,182.07220268193166,39.17669906991734
-271.0,0.17353259575804747,0.6419210421478938,16337362.169978876,182.00954144544846,35.354568664329065
-270.0,0.17435965382058005,0.6404424676675675,16396676.38953023,181.83629436489318,33.11031224496521
-269.0,0.17604174375227277,0.6381471630939772,16447323.61256177,182.23298899365597,32.3387184177674
-268.0,0.17809952892830583,0.6357599063138775,16482932.544319697,183.8851973603766,32.90154007642685
-267.0,0.18007217986557467,0.6339758342489027,16506331.260363055,187.08579793711553,34.68431327441206
-266.0,0.1819751392366996,0.6327272882159856,16522647.67882908,191.51393817317378,37.57547857257506
-265.0,0.18433005884700837,0.6311358669831914,16537009.717855005,196.80060172987854,41.45317492621394
-264.0,0.1876830920148168,0.6282839277920944,16555390.05254222,202.66507673290812,46.19151858457015
-263.0,0.19258039205844013,0.6232538278842683,16587140.38584877,208.90020287881563,51.66744827117182
-262.0,0.19954327960090618,0.6151657460267252,16639608.874615774,215.31790590456387,57.76053400533812
-261.0,0.20827866179666438,0.6043802563346891,16708750.463360092,221.87077158306496,64.37074734470278
-260.0,0.2175153770220407,0.5927475840765428,16787671.793517515,228.58103065316308,71.43146625587234
-259.0,0.225924355479518,0.5822061517721019,16869479.506523848,235.42128884816015,78.8790449214564
-258.0,0.23217652737157962,0.5746943819411818,16947280.243814874,242.2617008719713,86.64938768572216
-257.0,0.23497002581640625,0.5721148013913783,17014180.64682639,248.94495522023757,94.6782958752544
-256.0,0.23417369802332222,0.5748251166406678,17063287.356994193,255.2421632428053,102.90152243815324
-255.0,0.23124612555335483,0.5810852941181389,17097462.336675234,260.91563921058247,111.25482019220044
-254.0,0.22775936379193218,0.5890055654306878,17158588.831911102,265.9233812417509,119.67439249750016
-253.0,0.2252854681244833,0.5966961621852104,17298305.40966454,270.3778182652718,128.0968489098959
-252.0,0.22537863250298618,0.6022857950194381,17568250.636898305,274.3950317688708,136.4574581516296
-251.0,0.22854501511620956,0.6049874484195212,18004238.291992728,278.0875081019361,144.68896908683192
-250.0,0.23367977361724906,0.6056808112074129,18578782.998998508,281.5662776957112,152.72680790615902
-249.0,0.23954104569376122,0.6053873299298038,19248574.593383927,284.92448539025713,160.5180295348645
-248.0,0.2448869690334024,0.6051284511333853,19970302.91061727,288.1349621466794,168.0174906220331
-247.0,0.2484881537045867,0.6059164112568991,20700657.78616682,291.1209222818565,175.22393987376236
-246.0,0.2501655959950827,0.6079877992779468,21396329.05550088,293.8026803564535,182.1585760492812
-245.0,0.2515709296357974,0.6102273878051876,22014006.554087717,296.0875736923645,188.82923093345929
-244.0,0.25453957123888593,0.6113842367707285,22518604.70416537,297.8791077163317,195.2295407847663
-243.0,0.2609069374165037,0.610207406106677,22907936.275050856,299.0950218227679,201.35423330634825
-242.0,0.2724952397719012,0.6054548437360443,23188038.62283096,299.80521498605964,207.20174119261023
-241.0,0.28941195233502326,0.5970386484093614,23364949.103592444,300.17177928058624,212.77105987704996
-240.0,0.30836945239142427,0.5871560812122252,23444705.07342208,300.35089299311124,218.06161137980024
-239.0,0.3256808407623155,0.5782731471295367,23443365.190543555,300.4014865672126,223.07230651288376
-238.0,0.337659218268908,0.5728558511461963,23417073.321728155,300.31267316021194,227.79550219803247
-237.0,0.3406272440355795,0.5733636767293245,23431994.635884084,300.0729459883645,232.21928531454017
-236.0,0.3330338202296828,0.5808053967369471,23554294.30191953,299.6864688977095,236.31946614712007
-235.0,0.318121793730221,0.592918931959833,23850137.48874272,299.17063884699763,240.05745697467347
-234.0,0.29979048653543494,0.6069942979395218,24385689.365261823,298.5436069890068,243.3959562059281
-233.0,0.2819392206435653,0.6203215102175536,25153913.59597773,297.8311598490377,246.30270939407689
-232.0,0.2684640858227379,0.6301929619559842,25854967.82776201,297.0666337094452,248.74472354145
-231.0,0.26180565585022536,0.6349717202969232,26199800.634202585,296.28348432925884,250.6813686554128
-230.0,0.2606576837842695,0.6357770044804298,26235330.31338191,295.5090477364527,252.0743006188289
-229.0,0.2631192657300557,0.6341654619374564,26092467.59450612,294.76359124934066,252.9431478287938
-228.0,0.26728949779277,0.6316937400989547,25902123.20678132,294.0669848388534,253.34635623099197
-227.0,0.27126819487176673,0.6299178965478481,25795207.87941365,293.43892161238574,253.34532871436937
-226.0,0.27403960083708645,0.6296682196432686,25874848.09259248,292.8988558615233,253.0044374779804
-225.0,0.27719445680475446,0.6296360860332576,26133033.33044022,292.46600900119427,252.3805209035871
-224.0,0.28280129733737486,0.6281207913843996,26533968.828062512,292.1458599068581,251.5093817332747
-223.0,0.29292865699755166,0.6234216313632794,27041859.82056502,291.9221228720228,250.42371754852763
-222.0,0.30964486312780726,0.6138380556655193,27620911.5430534,291.7766824836008,249.1588097015855
-221.0,0.33363482549692053,0.5986978239649495,28236983.55782584,291.70173347740814,247.7508837733725
-220.0,0.36090401382840936,0.5808069768119013,28862552.73595069,291.70872467704123,246.23607408238053
-219.0,0.38646947628425526,0.5637062597175885,29471750.275688823,291.8111627568756,244.6504365892117
-218.0,0.4053482610264412,0.550936418193226,30038707.375301093,292.0121841977805,243.02956348311088
-217.0,0.412557417568059,0.5460381967910407,30544036.23329613,292.291955839216,241.4083562578713
-216.0,0.4048159990521972,0.5513442958338375,30994273.04917353,292.6275723183916,239.82240703565657
-215.0,0.3854628649193468,0.5644888247269142,31402435.02268061,293.00144097188536,238.3096252379039
-214.0,0.3594460678161901,0.5819637234157026,31781539.35356473,293.4100219921908,236.9070717948303
-213.0,0.33171366038940886,0.6002609318456337,32144603.241573203,293.85207270545067,235.64293538739727
-212.0,0.30721369528568543,0.6158723899621397,32502957.674671084,294.3269095933321,234.5405850079268
-211.0,0.2898757571969565,0.6260319853952236,32861188.7936943,294.83562625386264,233.60414818248432
-210.0,0.27907165746668716,0.6312939158219057,33222196.527696468,295.3796685272107,232.8214596278059
-209.0,0.27289875588766316,0.6331408090899548,33588880.80573122,295.95714792490645,232.18189273187176
-208.0,0.2694543526019525,0.6330553365023228,33964141.55685218,296.5533805983135,231.6782923543232
-207.0,0.2668357477516231,0.6325201693619612,34350878.710113004,297.1506138851106,231.30356609203324
-206.0,0.26362243329656115,0.6327232288444851,34751992.19456729,297.73603512311036,231.0496578081169
-205.0,0.2608788378077727,0.6333334651361862,35170381.93926866,298.3197732531515,230.90829097832125
-204.0,0.26046757472005716,0.6335319207452327,35608902.82752704,298.9186120617853,230.8711348679768
-203.0,0.2642516309497519,0.6324994098811644,36070229.55967725,299.54471216984655,230.9298505184997
-202.0,0.27409399341319346,0.6294167467535203,36556991.7903104,300.1841928216297,231.0764709347062
-201.0,0.29114832047340056,0.6237376884128466,37071819.17401761,300.8140644420554,231.30338209309068
-200.0,0.3123507217210183,0.6165388643270338,37611474.250952125,301.41555205838574,231.60270454803725
-199.0,0.33308472100299297,0.6094943241042001,38149251.10351578,301.99888149440386,231.9660250474858
-198.0,0.34873142234826776,0.604279048475282,38652576.69967252,302.5864566491664,232.38498067231032
-197.0,0.35467192978578477,0.6025680181712142,39088878.007386334,303.19709636248206,232.85165677264115
-196.0,0.34717376774021075,0.6057129557877174,39425581.99462119,303.81904356946194,233.358200906248
-195.0,0.3286036308326165,0.61284134991872,39646399.65640984,304.42520872964826,233.8962865235428
-194.0,0.3038945029161168,0.6221448195915475,39800178.09606004,304.9910629597893,234.45741166451387
-193.0,0.27798828964471417,0.6318117302478322,39952048.443948366,305.5200869698565,235.03517117216492
-192.0,0.25582689667241054,0.6400304473292069,40167141.83045136,306.0324637149407,235.62541732158877
-191.0,0.24174833259148598,0.6452109448563271,40510589.38594559,306.54711156263903,236.22432995965997
-190.0,0.2352620107490831,0.6475351182562862,41021291.21983259,307.06333709454225,236.82855673163365
-189.0,0.23356140786304108,0.6480347286999583,41633223.35761384,307.56659758813316,237.43484353768483
-188.0,0.23382540033153176,0.6477468951522832,42254130.803815804,308.04249503051255,238.0401092122868
-187.0,0.2332328645527274,0.6477087365782029,42791758.56296492,308.484012441377,238.6413102759764
-186.0,0.22927967961888746,0.6488282640885626,43173125.98827527,308.8902898165254,239.23526818967983
-185.0,0.22242326547135105,0.6508073218089688,43402349.82771133,309.26104909687604,239.81871723351355
-184.0,0.2147362092281503,0.6526899336884893,43502821.17792523,309.6047971541867,240.38822469384712
-183.0,0.20830738995995068,0.6535134883412788,43497931.135569,309.9386806279697,240.94015781511868
-182.0,0.2052256867374177,0.6523153743814925,43411070.79729478,310.27952281290175,241.4710640355065
-181.0,0.2073432573934375,0.6482660115900396,43265631.25975461,310.6231945036503,241.9779630791585
-180.0,0.21391030684958912,0.6419980494779476,43085003.61960067,310.9412903364491,242.45794981988965
-179.0,0.2225669161028685,0.6350489852425601,42892578.97348496,311.2046488845472,242.90814004747352
-178.0,0.23092924922240138,0.628969756771417,42711748.41805963,311.41034256144945,243.3258250200548
-177.0,0.23661347027731278,0.6253113019520582,42560273.21833302,311.59128230188577,243.7104316430216
-176.0,0.23740876533803473,0.6255009953424858,42433395.31273864,311.7825199238867,244.0628566114768
-175.0,0.23336132730825587,0.6293543744106261,42320726.8080663,311.98967431450507,244.3841639263124
-174.0,0.22609929377502025,0.6355572338706345,42211879.81110579,312.1709029034761,244.67560620551683
-173.0,0.21728344369805597,0.6427720576631286,42096466.42864686,312.2803085638919,244.93833125488663
-172.0,0.20857455603709085,0.6496613297287265,41964098.76747933,312.30056681276614,245.173155703782
-171.0,0.20155671474021264,0.654948855502202,41821531.07392413,312.2688977130455,245.3808518368513
-170.0,0.19661385673560872,0.6583180179305166,41744086.15242668,312.2285944812194,245.5622724903357
-169.0,0.1931784001748582,0.6602129867686797,41824228.94696363,312.20853330011863,245.7183015127368
-168.0,0.19065663537008726,0.661098822284916,42154424.401511565,312.2049294888708,245.84983041579733
-167.0,0.18845485263342232,0.6614405847474514,42762181.26194791,312.20949036211573,245.95775873974185
-166.0,0.18602453404535013,0.6616792234649247,43415183.48175331,312.2070857504372,246.0431116938786
-165.0,0.1836768589228751,0.6617970173712842,43816158.81630919,312.16411895662543,246.10710724638307
-164.0,0.18249333176570337,0.6613652572930672,43753213.5939433,312.04391425174424,246.15080509878632
-163.0,0.18358270689085676,0.6599406955851412,43355968.43476839,311.83549219768764,246.1747070335881
-162.0,0.18805373861535524,0.6570800846023734,42839422.53184351,311.61096589061265,246.1792903558411
-161.0,0.19693708811569288,0.6523728954031507,42418575.0782277,311.4592129884704,246.16564489196625
-160.0,0.20942724030426096,0.6461779022956392,42308425.26697999,311.4354469935804,246.1351271604251
-159.0,0.22285998340777802,0.6396326182247031,42659677.65351281,311.4642429075275,246.08914570935468
-158.0,0.2344885082183022,0.6339091620040175,43365858.24265212,311.4384908376014,246.0291650299439
-157.0,0.24156600552789104,0.630179652447257,44256198.4015772,311.2788552023937,245.95760627206903
-156.0,0.24143137497470935,0.6295806406203865,45159929.49746744,311.03573575260384,245.8785474524328
-155.0,0.23396668549000238,0.6321933045688427,45906282.897502124,310.79738173973755,245.7959773890028
-154.0,0.2219624120695754,0.6368918821231031,46366180.29054586,310.642413067515,245.71295471432563
-153.0,0.20836819851985677,0.6424845587006578,46577304.65220431,310.59527667971474,245.6324197787871
-152.0,0.19613368864727532,0.6477795197189977,46619029.27976835,310.66149867809895,245.55808278983588
-151.0,0.18815992647836888,0.6516029522939397,46570727.470528886,310.8394424121925,245.4940089599693
-150.0,0.1854793386056135,0.6534731925060208,46511772.52177685,311.0788181569704,245.44379245803265
-149.0,0.18670885875663212,0.6538032918843327,46521537.73080315,311.30904992332404,245.41056455672975
-148.0,0.19030518142603015,0.6530656556904211,46663431.013525344,311.4705692263777,245.39762320013912
-147.0,0.19472500110841362,0.6517326891858319,46936998.760367945,311.5960588586187,245.40863163711305
-146.0,0.19844521274550475,0.6502708007704301,47325821.98038214,311.7640015614841,245.44723760911893
-145.0,0.20098422302188423,0.6488372075759418,47813481.68261907,312.0467781007491,245.5168460820553
-144.0,0.2033836963501593,0.6471369206098145,48380390.08186533,312.4505974874542,245.6208201039996
-143.0,0.20680623366214224,0.6448390487247725,48994284.21584908,312.942738016148,245.76272808038212
-142.0,0.21241443588964537,0.6416127007735403,49619732.32803388,313.4920391976803,245.94624412406867
-141.0,0.22135596675269487,0.6371320658910562,50226313.69993541,314.09396616869645,246.1748241981343
-140.0,0.2336976953913235,0.631438921324449,50803651.76527795,314.76252386607194,246.45168297633452
-139.0,0.24771551979275608,0.6251841699745403,51346380.99583787,315.5112855592763,246.7801766564705
-138.0,0.2615169066141446,0.6190759997765158,51849135.86339152,316.3404141517561,247.1640040743275
-137.0,0.2732093225126416,0.6138225986655607,52306550.83971532,317.2390297523025,247.60710722522512
-136.0,0.28090916946058253,0.6101285553072536,52713260.39658564,318.1962601930553,248.1143724733576
-135.0,0.2836985761950388,0.6083094501540723,53065668.649066746,319.2086240963752,248.69072535585173
-134.0,0.28247616339323844,0.607949155364228,53367258.2853744,320.2798403774423,249.33837741069524
-133.0,0.27834123772288255,0.6085507039793214,53623281.63701226,321.413988415649,250.05783895282124
-132.0,0.2723931058516722,0.6096171290409538,53838991.03548401,322.6170189464156,250.84944327751367
-131.0,0.2657296122042306,0.6106525986039003,54019638.8122933,323.89704240047183,251.71333630487948
-130.0,0.259190412366784,0.6113616904478398,54168250.68688956,325.2618767786997,252.64975445451915
-129.0,0.25306268293698087,0.6118778241366428,54278945.93050531,326.7011926116223,253.65919259043795
-128.0,0.24756236871157772,0.6123897103370397,54343617.20231888,328.1797835168288,254.74216091613192
-127.0,0.24290541448733122,0.6130860597157609,54354157.16150852,329.6608357860531,255.89903273887896
-126.0,0.23930765319333874,0.6141551869297395,54309716.58711278,331.1209680549769,257.1301301617486
-125.0,0.23694790097663504,0.6156543677951292,54238478.73761118,332.5587577413515,258.43571758348816
-124.0,0.23591463471136087,0.6173210784875705,54175884.99134353,333.97486208726326,259.8160197739884
-123.0,0.2362828087696356,0.6188449257329414,54157376.72664957,335.3911375089459,261.2713086839721
-122.0,0.2381273775235785,0.6199155162571186,54218395.32186908,336.88325047325816,262.8019235007065
-121.0,0.2415229809731984,0.6202227170646795,54383966.85856662,338.53513729714035,264.4082404410259
-120.0,0.24629825442778192,0.6196600702913854,54637456.23120584,340.37873383594996,266.0907279771206
-119.0,0.25159524207386946,0.618689568766303,54951813.03747514,342.3164932289908,267.84985152197095
-118.0,0.2564371385552804,0.6178716046463066,55299986.87506295,344.2310666428804,269.68595268507875
-117.0,0.25984713851583496,0.6177665700882715,55654927.34165769,346.04927552284147,271.5993293009307
-116.0,0.26084858704494845,0.6189347733602932,55989584.0349478,347.839705667031,273.5903495411399
-115.0,0.2589111199196905,0.6216876701085465,56279664.93752041,349.69930132235413,275.6594325979473
-114.0,0.25493261289589614,0.6255403263764644,56511911.57155771,351.69053212294864,277.8066869741033
-113.0,0.2500960534688812,0.6298488293045518,56675823.84414062,353.773029013042,280.0317281991918
-112.0,0.245584429133961,0.6339692660333135,56760901.66235007,355.8873318564817,282.3330060974205
-111.0,0.24258072099297384,0.6372577263307508,56756644.93326698,357.98628339713787,284.7052772121955
-110.0,0.24195276095730212,0.6391998152819165,56658633.61880837,360.0810395121963,287.1425251399904
-109.0,0.2434093914531132,0.6397574421959665,56486767.900235415,362.20001549980503,289.6386289593923
-108.0,0.24639309221225159,0.6390019821520826,56267028.01364544,364.3673287034511,292.187435578572
-107.0,0.2503463429665615,0.637004810229446,56025394.19513573,366.5821736443607,294.78306010403765
-106.0,0.25471162344788706,0.6338373015072379,55787822.50683992,368.83478847275666,297.41985608842435
-105.0,0.25921684614244594,0.6296003106681091,55580172.31503694,371.1130743458197,300.0920366975945
-104.0,0.26479751964912923,0.6245194133806768,55428278.81204204,373.3890845908658,302.7935497656016
-103.0,0.27270845679800304,0.6188531631760396,55357977.1901705,375.62826105868197,305.51835895122866
-102.0,0.28420447239167484,0.6128601137890197,55379750.31659673,377.8035185670738,308.2605907423764
-101.0,0.3005403812327513,0.6067988189544402,55442671.75793175,379.95153182897906,311.0144085952774
-100.0,0.3223157485034963,0.6009386789725646,55480462.75564567,382.14119063319555,313.77396450125684
-99.0,0.3469392421342566,0.5956019141297856,55426844.55120865,384.4318615491138,316.5334007012265
-98.0,0.3708496479143363,0.5911267994949572,55215538.38609081,386.78922156381304,319.2867665712436
-97.0,0.39048552688241994,0.5878516138573066,54780265.50176232,389.12678266990645,322.0280187017726
-96.0,0.40228544007719236,0.5861146360060598,54098274.80716655,391.36436434170923,324.75119964491705
-95.0,0.4034282636695589,0.5861639046404536,53320925.88113993,393.4912685929731,327.4505336715848
-94.0,0.39524866169733247,0.5877408921952193,52643105.96999214,395.53713935021506,330.1202753857242
-93.0,0.38053040932205257,0.5904104329242402,52259702.32003286,397.5349726974557,332.7547159482924
-92.0,0.3620587737764624,0.5937371792066366,52365602.17757176,399.5576950453872,335.3480935013348
-91.0,0.34261902229330543,0.5972857834215273,53065243.05540823,401.7076020392347,337.89402699043404
-90.0,0.3247092755371649,0.6006846807105716,54101263.53230045,404.07962802300204,340.38586249429983
-89.0,0.30896479652310527,0.6039760956187473,55125852.45349626,406.62037387885795,342.8192495332613
-88.0,0.2952775869026603,0.607367350478405,55791198.66424356,409.1459866335386,345.1924521969406
-87.0,0.28353771314068343,0.611066197477467,55749491.00979019,411.4703873822855,347.5040704227133
-86.0,0.2736352417020289,0.6152803888038562,54769659.74467555,413.51387912725977,349.7531504902292
-85.0,0.2654502472646377,0.6201606999012174,53087600.76060511,415.3478080888998,351.93954231326734
-84.0,0.2587876147256431,0.6254291471783334,51055951.3585759,417.05490631894287,354.0667608065229
-83.0,0.2534179954159368,0.630612534999688,49027348.83958485,418.7130706540404,356.1395015722196
-82.0,0.24911186742391533,0.6352366798390703,47354430.504628986,420.3936558154247,358.1630418785332
-81.0,0.24563970883797603,0.6388273981702693,46389833.6547053,422.1658573609689,360.14302387704504
-80.0,0.24278935549193226,0.6409690455091459,46394760.703745976,424.0387315777776,362.0847786613507
-79.0,0.24050090329438312,0.6417594748742376,47264674.517424,425.9463795325382,363.99323305012217
-78.0,0.23879335036226068,0.6415626371892091,48803603.07434756,427.8182236698127,365.8734004498799
-77.0,0.2376863621025419,0.6407447338151566,50815574.35312483,429.60271163927314,367.7305880204415
-76.0,0.23719960392220396,0.6396719661131763,53104616.33236397,431.30137719598315,369.5701480332368
-75.0,0.23734124044629235,0.6386918359478456,55474756.99067321,432.92513045668403,371.3974210434735
-74.0,0.23800109395575375,0.6379594285059229,57756220.31810588,434.5039906979844,373.21772790521686
-73.0,0.23899934693780306,0.6375165993617592,59884014.35049595,436.1031985794933,375.03617649407306
-72.0,0.24015528858751384,0.6374037516568715,61819343.13512259,437.79178942376075,376.8577246079385
-71.0,0.24128820809995954,0.6376612885327768,63523410.71926497,439.61276696509645,378.6875325358332
-70.0,0.24222780647373865,0.6383217348001388,64957421.150202245,441.49715473498526,380.5310563582743
-69.0,0.24293046366389398,0.6393217607206328,66082578.47521357,443.34587188504287,382.3936210369272
-68.0,0.24343704919515174,0.6405341055777883,66870317.594335936,445.0900204179224,384.2800945185101
-67.0,0.24378997016974152,0.641830345211715,67332996.81863762,446.8104817743015,386.1952270507837
-66.0,0.2440316336898939,0.6430820554625227,67493205.31194477,448.63451049849925,388.1435513221797
-65.0,0.24420850043184683,0.6441613530335484,67387171.92891079,450.6629373703947,390.1294952049672
-64.0,0.24442592428806903,0.6449482126751048,67105684.28749813,452.8440194969789,392.1571995468743
-63.0,0.24483371151815742,0.6453285403603428,66753169.69649659,455.07139968732287,394.23057355050463
-62.0,0.24558276194999723,0.6451883879758393,66434055.46469588,457.25549504346594,396.3536777092228
-61.0,0.2468239754114735,0.6444138074081716,66252768.90088579,459.4445522078856,398.53082886012777
-60.0,0.24869335939672338,0.6429037375915038,66263533.36082064,461.754231371217,400.7664348541039
-59.0,0.25106537733943574,0.6407834440257473,66319756.38811298,464.27847054409176,403.0651327278128
-58.0,0.2535913164355355,0.6383713172673061,66224641.573339865,466.98256797993304,405.4311527249645
-57.0,0.255915305701472,0.6359919421871288,65781392.50707843,469.78556184678354,407.8652940651453
-56.0,0.2576814741536947,0.6339699036561648,64793212.77990578,472.6145656818077,410.3667190692429
-55.0,0.2585480738217553,0.6326187148239576,63172760.658019,475.46652834667975,412.9331366211413
-54.0,0.2584777625679875,0.6320132502046413,61270513.11009508,478.3739455474837,415.5609331075602
-53.0,0.25772667230238194,0.6319983156384997,59546401.78043099,481.36629391557443,418.246928434125
-52.0,0.25656287067423056,0.6324093599554279,58460358.3133237,484.4369617411811,420.98882690661895
-51.0,0.2552544253328253,0.633081831985321,58361175.40193176,487.55709486746366,423.7842744725845
-50.0,0.2540673341288226,0.6338531831325489,59153089.934860006,490.69959342919276,426.630323570345
-49.0,0.25321179491341833,0.6346148524951003,60629199.84957482,493.8669836986927,429.5239199276809
-48.0,0.2528372334018318,0.6353170775130693,62582603.08354269,497.08384934193816,432.4623349322034
-47.0,0.2530900088115325,0.6359130625287451,64806397.57422995,500.3737872801677,435.44300444375625
-46.0,0.2541164803599908,0.6363560118844185,67093681.25910304,503.73152240034466,438.4632732620665
-45.0,0.25606147121947354,0.6365979777992992,69237552.07562837,507.1258556019254,441.5203901122069
-44.0,0.2590167520809778,0.6365512200515854,71067275.49420327,510.5256519630122,444.6115176022317
-43.0,0.2630088001761253,0.6360790245342121,72556787.11694865,513.9260597039431,447.7336488358687
-42.0,0.2680600753693917,0.6350416638815193,73716190.07891637,517.3507001839475,450.8858136524364
-41.0,0.27419303752525315,0.6332994107278476,74555587.51515825,520.8245313979589,454.076189930402
-40.0,0.2814231625312155,0.630717592105406,75085082.56072617,524.3690659472336,457.3155129651461
-39.0,0.2894472252533347,0.627392183253114,75323780.99056181,528.0013080604956,460.61468375185706
-38.0,0.2975184119509114,0.6237401904382782,75326799.1391663,531.7376726165951,463.98470276770206
-37.0,0.3048570882290989,0.6202023726761201,75158255.98093069,535.5763621175882,467.4366548802174
-36.0,0.3106836196930496,0.61721948898186,74882270.49024598,539.4866813565648,470.98172116607566
-35.0,0.3142271193295511,0.6152281489494792,74565336.44293064,543.4356264328975,474.6309474188554
-34.0,0.31526588022835655,0.6144044522650903,74283446.82051325,547.4209514001994,478.39504812492953
-33.0,0.314443721502174,0.6145139263757886,74114969.40594974,551.4999690861931,482.2850033859031
-32.0,0.31248061253077297,0.615285975972312,74138271.98219617,555.7367130401999,486.31338958451335
-31.0,0.31009652269392224,0.6164500057453979,74431722.33220854,560.166948396289,490.4926580199793
-30.0,0.3080093464302372,0.6177359277204995,75038539.75118133,564.7591471596184,494.827682325906
-29.0,0.306747670307332,0.6189199407561891,75861349.58326292,569.4719947567272,499.3182222231636
-28.0,0.3065016831972636,0.6198609838400118,76767628.68484004,574.2784433739891,503.9594180877665
-27.0,0.3074264895606098,0.6204265742943211,77624853.91229956,579.1936580970198,508.7404785120919
-26.0,0.30967719385794734,0.6204842294414701,78300502.1220282,584.2405740943998,513.650749758038
-25.0,0.31340928122609085,0.6199014274847808,78696376.71368073,589.4362534877349,518.6810217369829
-24.0,0.31883274885932095,0.618540044862433,78851587.25998326,594.7759495651219,523.822266088824
-23.0,0.3262683444731751,0.6162505770734472,78839569.87692979,600.249854488346,529.0651182150699
-22.0,0.33605024891568797,0.612882139201999,78733760.6805143,605.8471292742701,534.4001057989365
-21.0,0.3485126430348943,0.6082838463322636,78607595.78673086,611.5529741126036,539.817958311399
-20.0,0.3639865512892584,0.6023060997456486,78534511.31157348,617.3516180856451,545.3095521229445
-19.0,0.38200743685358757,0.5951234840027941,78562795.5285233,623.2178914573303,550.8655926501801
-18.0,0.4002692573654803,0.5876609787829045,78640145.34101018,629.1023065372855,556.4765278072724
-17.0,0.4162061589624516,0.580949434357192,78689109.80995116,634.9521844947279,562.1328770919444
-16.0,0.42725228778201696,0.5760197009968686,78632237.99626324,640.7521326501931,567.8254420160583
-15.0,0.43084419604627766,0.573901706176979,78392078.96086347,646.5423111918718,573.545055928027
-14.0,0.42570335501201845,0.5751325774235643,77923086.28902549,652.3664974260441,579.2824050385397
-13.0,0.41394887475310504,0.5789463591962691,77307331.66344942,658.2552734692574,585.0281935155391
-12.0,0.3982550028824793,0.5843641862354778,76658791.29119192,664.2292668065132,590.7744670719147
-11.0,0.3812959870130836,0.5904071932815752,76091441.37930974,670.2734901685471,596.514396612853
-10.0,0.3657456823613482,0.5960966538175978,75691546.64388171,676.2432651797862,602.2412864992901
-9.0,0.35365104637646777,0.6006754983921219,75434525.83707479,681.970260243433,607.9486055804302
-8.0,0.3451602407776818,0.604058029365135,75268086.22007819,687.4645542876993,613.6298272579999
-7.0,0.3400632975832842,0.6062851757696532,75139935.05408104,692.9393948051329,619.2783864363784
-6.0,0.3381502488115686,0.6073978666386921,74997779.60027245,698.5849599980991,624.8877469799181
-5.0,0.33921112648082885,0.6074370310052678,74789327.11984156,704.2519320353409,630.4516635964504
-4.0,0.34303596260935887,0.6064435979023961,74462284.87397754,709.596322220511,635.9640091476354
-3.0,0.3494147892154524,0.6044584963630926,73964360.12386951,714.5208439182296,641.4182801379791
-2.0,0.3581376383174034,0.6015226554203735,73243260.1307066,720.0156541698124,646.8076175397135
-1.0,0.36899454193350545,0.5976770041072544,72246692.15567794,727.3676817980215,652.1251484585
0.0,0.3817755320820525,0.5929624714567513,70922363.45997265,737.8638624395045,657.364
